--
-- PostgreSQL database dump
--

\restrict mKr3b6TgfoyPUsznWOLL9jb5Me2PHNcbpexhGPIRbEHz9iwxMsq9yz7o6cBJYBn

-- Dumped from database version 16.10
-- Dumped by pg_dump version 16.10

SET statement_timeout = 0;
SET lock_timeout = 0;
SET idle_in_transaction_session_timeout = 0;
SET client_encoding = 'UTF8';
SET standard_conforming_strings = on;
SELECT pg_catalog.set_config('search_path', '', false);
SET check_function_bodies = false;
SET xmloption = content;
SET client_min_messages = warning;
SET row_security = off;

--
-- Data for Name: users; Type: TABLE DATA; Schema: public; Owner: postgres
--

INSERT INTO public.users VALUES ('3415eb27-5d30-4092-ad3b-8f7bcfb96908', 2, '$2b$10$3OC8jaxD7lHwcQLpUdTMleRL/un3Cc/ZPeGO.zwiDclrOCC5NsAXa', 'Cartsoon', 4, 'ru', 'dark', '2027-01-05 22:07:03.623', '2026-01-05 22:07:03.626239', 'Cartsoon');


--
-- Data for Name: ai_conversations; Type: TABLE DATA; Schema: public; Owner: postgres
--



--
-- Data for Name: ai_messages; Type: TABLE DATA; Schema: public; Owner: postgres
--



--
-- Data for Name: ai_message_feedback; Type: TABLE DATA; Schema: public; Owner: postgres
--



--
-- Data for Name: ai_prompt_profiles; Type: TABLE DATA; Schema: public; Owner: postgres
--



--
-- Data for Name: assistant_chats; Type: TABLE DATA; Schema: public; Owner: postgres
--



--
-- Data for Name: assistant_feedback; Type: TABLE DATA; Schema: public; Owner: postgres
--



--
-- Data for Name: assistant_notes; Type: TABLE DATA; Schema: public; Owner: postgres
--



--
-- Data for Name: auth_passwords; Type: TABLE DATA; Schema: public; Owner: postgres
--



--
-- Data for Name: form_states; Type: TABLE DATA; Schema: public; Owner: postgres
--

INSERT INTO public.form_states VALUES ('daa762ee-05ad-4a31-a0bf-d1de05b27936:text-to-video', 'daa762ee-05ad-4a31-a0bf-d1de05b27936', 'text-to-video', '{"duration": 300, "inputText": "", "genLanguage": "ru", "stylePreset": "news"}', '2026-01-05 22:06:13.441');
INSERT INTO public.form_states VALUES ('anon:text-to-video', NULL, 'text-to-video', '{"duration": 60, "inputText": "Ппак ри нинин н н н н р еепак\"**₽₽%%%%%%___\"\"\"%₽₽₽₽₽", "genLanguage": "ru", "stylePreset": "news"}', '2026-01-05 22:09:48.192');


--
-- Data for Name: jobs; Type: TABLE DATA; Schema: public; Owner: postgres
--

INSERT INTO public.jobs VALUES ('b5ae6b29-decb-48ee-ab97-113135dd45c7', 'extract_content', '{"topicId": "deb8bf42-5b67-456d-9d8a-147dabfc75a8"}', 'done', 100, NULL, '2026-01-05 16:31:13.781681', '2026-01-05 16:31:18.117');
INSERT INTO public.jobs VALUES ('fc3bcf33-39ca-4956-892a-c29fc428f1e8', 'fetch_topics', '{}', 'done', 100, NULL, '2026-01-05 16:30:40.583686', '2026-01-05 16:30:42.234');
INSERT INTO public.jobs VALUES ('e4ee50e1-a5f4-43b3-9cca-b1052a06e02c', 'fetch_topics', '{}', 'done', 100, NULL, '2026-01-05 11:52:03.775222', '2026-01-05 11:52:04.752');
INSERT INTO public.jobs VALUES ('0719da7c-b673-4672-8f79-137cd8e6c6ba', 'extract_content', '{"topicId": "813d2228-5f76-4e68-bb3c-0068acde8cba"}', 'done', 100, NULL, '2026-01-05 22:11:46.686718', '2026-01-05 22:11:49.956');
INSERT INTO public.jobs VALUES ('cf1f43b7-dfc5-4fbc-955a-1327c33e989e', 'extract_content', '{"topicId": "611ed88f-f0b7-4e8a-9fe1-6a4b2ef2a7e6"}', 'done', 100, NULL, '2026-01-05 22:05:51.108879', '2026-01-05 22:05:52.457');
INSERT INTO public.jobs VALUES ('b5dd7edf-df4c-4238-9cdb-1a9b7d121888', 'fetch_topics', '{}', 'done', 100, NULL, '2026-01-05 11:52:04.53169', '2026-01-05 11:52:05.74');
INSERT INTO public.jobs VALUES ('f8762c26-2ca0-462a-8289-028f30df2968', 'fetch_topics', '{}', 'done', 100, NULL, '2026-01-05 11:52:08.103317', '2026-01-05 11:52:08.762');
INSERT INTO public.jobs VALUES ('b146ae87-48ed-4193-bc51-7a2120e5d1df', 'extract_content', '{"topicId": "56f01706-86e4-4a29-aebd-1f05b90f23d8"}', 'done', 100, NULL, '2026-01-05 22:12:47.333297', '2026-01-05 22:12:52.582');
INSERT INTO public.jobs VALUES ('3a254fa2-092b-4f17-9875-29fe7fe87d71', 'fetch_topics', '{}', 'done', 100, NULL, '2026-01-05 16:31:12.007748', '2026-01-05 16:31:13.79');
INSERT INTO public.jobs VALUES ('026bf2d6-d219-4467-a7b9-b4c4dee787ae', 'fetch_topics', '{}', 'done', 100, NULL, '2026-01-05 11:52:20.391966', '2026-01-05 11:52:22.034');
INSERT INTO public.jobs VALUES ('b3d56339-f89f-4bbc-ba18-8c9734c2d1b0', 'extract_content', '{"topicId": "edfa519b-7600-4142-af98-861a0d2c72ba"}', 'done', 100, NULL, '2026-01-05 21:54:05.467836', '2026-01-05 21:54:06.966');
INSERT INTO public.jobs VALUES ('dbb8071b-9227-44bd-bdf1-66e0cf201fc9', 'fetch_topics', '{}', 'done', 100, NULL, '2026-01-05 20:43:48.224317', '2026-01-05 20:43:50.025');
INSERT INTO public.jobs VALUES ('7f13ea12-af82-494d-8e3a-3102230b868a', 'extract_content', '{"topicId": "c1859ea9-f84a-41a2-a186-e54b1a34910d"}', 'done', 100, NULL, '2026-01-05 16:31:13.748131', '2026-01-05 16:31:15.363');
INSERT INTO public.jobs VALUES ('ed107604-c8a5-4656-a771-55f2f458a612', 'fetch_topics', '{}', 'done', 100, NULL, '2026-01-05 21:49:50.979344', '2026-01-05 21:49:52.972');
INSERT INTO public.jobs VALUES ('e9dfdc14-0e07-49e9-ba1c-80aed172d540', 'extract_content', '{"topicId": "586d5394-0f8e-4c4b-9717-443709d6136c"}', 'done', 100, NULL, '2026-01-05 11:52:21.999859', '2026-01-05 11:52:23.322');
INSERT INTO public.jobs VALUES ('e4e1f983-4a04-4c3d-a8ca-cad9c5900ae0', 'extract_content', '{"topicId": "587cea36-444d-4874-8dc5-03cc56199f5c"}', 'done', 100, NULL, '2026-01-05 21:53:34.027126', '2026-01-05 21:53:35.51');
INSERT INTO public.jobs VALUES ('a6076382-53a2-4ca3-b594-046297078e1a', 'fetch_topics', '{}', 'done', 100, NULL, '2026-01-05 22:11:45.059809', '2026-01-05 22:11:46.746');
INSERT INTO public.jobs VALUES ('88f4dbda-0ea4-4c0f-8b76-d8daa62a19c4', 'fetch_topics', '{}', 'done', 100, NULL, '2026-01-05 22:12:45.708887', '2026-01-05 22:12:47.341');
INSERT INTO public.jobs VALUES ('b7732054-4c22-4cd8-a10e-78747628c36d', 'extract_content', '{"topicId": "37d8ab7e-0ff5-4356-9d7b-76e45402044e"}', 'done', 100, NULL, '2026-01-05 21:54:05.531446', '2026-01-05 21:54:09.837');
INSERT INTO public.jobs VALUES ('3eb14c18-5a95-491b-8bc6-3c01e499e55f', 'extract_content', '{"topicId": "4db778ca-1678-4f40-8829-46f60ffcdbbb"}', 'done', 100, NULL, '2026-01-05 16:31:13.755745', '2026-01-05 16:31:16.046');
INSERT INTO public.jobs VALUES ('1327247c-cf95-4e7a-9a6e-c18009ae281c', 'extract_content', '{"topicId": "c7d60652-e2cd-4a84-9c2d-ccfa0f10a7de"}', 'done', 100, NULL, '2026-01-05 11:52:22.018759', '2026-01-05 11:52:24.132');
INSERT INTO public.jobs VALUES ('bb808e11-260a-44f4-82aa-5fecb3c8422d', 'extract_content', '{"topicId": "673b2d50-2ff4-4199-bb02-a043fd7dade3"}', 'done', 100, NULL, '2026-01-05 20:43:49.97263', '2026-01-05 20:43:51.159');
INSERT INTO public.jobs VALUES ('187ab8cf-e8c4-4156-a75a-370a4d4139a7', 'extract_content', '{"topicId": "215b58e3-14ab-4930-88da-fe8460232ced"}', 'done', 100, NULL, '2026-01-05 22:12:47.297628', '2026-01-05 22:12:50.58');
INSERT INTO public.jobs VALUES ('60932198-8431-43a6-b98f-06000d4aa776', 'extract_content', '{"topicId": "479a88e2-3b98-4f41-8a76-aa9b07438a98"}', 'done', 100, NULL, '2026-01-05 21:49:52.942864', '2026-01-05 21:49:54.35');
INSERT INTO public.jobs VALUES ('62679747-4963-4263-8cb4-986924811ed4', 'extract_content', '{"topicId": "c5232b5a-f802-41ef-9668-5f3916efc350"}', 'done', 100, NULL, '2026-01-05 22:11:46.669341', '2026-01-05 22:11:48.974');
INSERT INTO public.jobs VALUES ('5a6bb68c-3060-413e-9bf5-2e4eefe8bcbe', 'extract_content', '{"topicId": "d8a10e69-6bef-4303-b5c8-60fca7ab5107"}', 'done', 100, NULL, '2026-01-05 21:53:34.064784', '2026-01-05 21:53:36.34');
INSERT INTO public.jobs VALUES ('3900a75a-0455-4331-acf4-6d1ec0c7f2e1', 'extract_content', '{"topicId": "1dea0ecc-4299-43db-b8b7-d7541c30f9a6"}', 'done', 100, NULL, '2026-01-05 11:54:23.704077', '2026-01-05 11:54:24.844');
INSERT INTO public.jobs VALUES ('f020d0a9-b89e-4fd9-9122-4a91553406ba', 'extract_content', '{"topicId": "e862c8cc-c05b-4b51-9ba4-75570f68168c"}', 'done', 100, NULL, '2026-01-05 16:31:13.763034', '2026-01-05 16:31:17.135');
INSERT INTO public.jobs VALUES ('698a2477-8692-4cdd-8ce5-0fa8acf9cfc2', 'extract_content', '{"topicId": "8019b1ce-cba2-4c39-918c-a98b8fc66b2d"}', 'done', 100, NULL, '2026-01-05 21:54:05.486222', '2026-01-05 21:54:07.691');
INSERT INTO public.jobs VALUES ('547506de-aba8-495e-ac97-42652cddefed', 'extract_content', '{"topicId": "1db9f787-62f7-4598-ae6b-8c3116260e8e"}', 'done', 100, NULL, '2026-01-05 20:43:49.988574', '2026-01-05 20:43:51.821');
INSERT INTO public.jobs VALUES ('c8a75f37-b50f-4092-b97a-f501a80c2b07', 'extract_content', '{"topicId": "e5dba543-25a5-4ccd-9434-5a8b9b9915a7"}', 'done', 100, NULL, '2026-01-05 22:11:46.733495', '2026-01-05 22:11:52.137');
INSERT INTO public.jobs VALUES ('e8e4d22f-8b9d-483d-ab91-f0a2fb2ab0cd', 'extract_content', '{"topicId": "07a31e63-a313-4ac8-9758-6f9b6016f294"}', 'done', 100, NULL, '2026-01-05 22:05:51.155056', '2026-01-05 22:05:53.544');
INSERT INTO public.jobs VALUES ('aa42fee0-f8f9-48b2-8b1b-574e78747e3f', 'extract_content', '{"topicId": "6e1f4ea3-8dec-41fc-946a-48263d1b1b2b"}', 'done', 100, NULL, '2026-01-05 21:49:52.959974', '2026-01-05 21:49:55.204');
INSERT INTO public.jobs VALUES ('9754b76a-19c4-42c3-99b6-2420f7b09c36', 'extract_content', '{"topicId": "4dd3d4bb-ad92-4b82-8ac5-e9c0287c87ad"}', 'done', 100, NULL, '2026-01-05 20:43:50.000533', '2026-01-05 20:43:52.877');
INSERT INTO public.jobs VALUES ('76f4efe6-a619-4ff2-bc2b-f707847bd328', 'fetch_topics', '{}', 'done', 100, NULL, '2026-01-05 21:53:32.515425', '2026-01-05 21:53:34.073');
INSERT INTO public.jobs VALUES ('dd22352f-e5de-4450-9e40-03b545baa1a1', 'fetch_topics', '{}', 'done', 100, NULL, '2026-01-05 21:54:03.686386', '2026-01-05 21:54:05.539');
INSERT INTO public.jobs VALUES ('a5dbc5ea-f1c8-4f7b-8e96-ac67b411b105', 'extract_content', '{"topicId": "d64d5da1-b65a-4d5f-b5a5-50b8e9985773"}', 'done', 100, NULL, '2026-01-05 21:54:05.507272', '2026-01-05 21:54:08.783');
INSERT INTO public.jobs VALUES ('47789564-1933-415a-a617-6b5fb05b1569', 'extract_content', '{"topicId": "3e6faa63-9421-455f-b8df-20c57feb1442"}', 'done', 100, NULL, '2026-01-05 22:12:47.264824', '2026-01-05 22:12:49.045');
INSERT INTO public.jobs VALUES ('2a7f9d1a-c3fb-40ea-9e7c-2992662eaff3', 'extract_content', '{"topicId": "c85e1613-7fff-4d08-ac82-cfca53c9b00a"}', 'done', 100, NULL, '2026-01-05 22:11:46.648149', '2026-01-05 22:11:48.147');
INSERT INTO public.jobs VALUES ('91a232de-e4f4-4532-8859-48ac95dfee25', 'fetch_topics', '{}', 'done', 100, NULL, '2026-01-05 22:05:48.938322', '2026-01-05 22:05:51.18');
INSERT INTO public.jobs VALUES ('c65ea28e-7ead-40fd-816d-9408c05cd89c', 'extract_content', '{"topicId": "7a61cbc7-dd98-472f-b32a-06e401fa467e"}', 'done', 100, NULL, '2026-01-05 22:11:46.695682', '2026-01-05 22:11:50.948');
INSERT INTO public.jobs VALUES ('95c8cb84-59a2-4742-84ec-6a36e5160056', 'extract_content', '{"topicId": "cb80bb4d-e299-4d45-8e58-2192897f0878"}', 'done', 100, NULL, '2026-01-05 22:12:47.316737', '2026-01-05 22:12:51.496');
INSERT INTO public.jobs VALUES ('cef530a9-c4ec-4169-b026-33e1b00290e1', 'extract_content', '{"topicId": "bfb72f16-8045-49cc-89a3-2d84e56fb15f"}', 'done', 100, NULL, '2026-01-05 22:12:47.27907', '2026-01-05 22:12:49.552');


--
-- Data for Name: kb_documents; Type: TABLE DATA; Schema: public; Owner: postgres
--



--
-- Data for Name: kb_chunks; Type: TABLE DATA; Schema: public; Owner: postgres
--



--
-- Data for Name: kb_embeddings; Type: TABLE DATA; Schema: public; Owner: postgres
--



--
-- Data for Name: sources; Type: TABLE DATA; Schema: public; Owner: postgres
--

INSERT INTO public.sources VALUES ('7cbd51f6-545e-4753-9917-ff950af17af3', 'rss', 'StopGame', NULL, '{"url": "https://stopgame.ru/rss/news.xml"}', true, 3, '{"status": "pending", "httpCode": null, "itemCount": null, "lastError": null, "avgLatencyMs": null, "failuresCount": 0, "lastSuccessAt": null, "freshnessHours": null}', NULL, NULL, '2026-01-05 11:52:11.420056');
INSERT INTO public.sources VALUES ('d76389bb-56f3-4556-9645-da2bbbb53793', 'rss', 'DTF', NULL, '{"url": "https://dtf.ru/rss"}', true, 3, '{"status": "pending", "httpCode": null, "itemCount": null, "lastError": null, "avgLatencyMs": null, "failuresCount": 0, "lastSuccessAt": null, "freshnessHours": null}', NULL, NULL, '2026-01-05 11:52:11.880138');
INSERT INTO public.sources VALUES ('5ea626a1-682f-414e-876f-51e8eb196296', 'rss', 'Канобу', NULL, '{"url": "https://kanobu.ru/rss/all.xml"}', true, 3, '{"status": "pending", "httpCode": null, "itemCount": null, "lastError": null, "avgLatencyMs": null, "failuresCount": 0, "lastSuccessAt": null, "freshnessHours": null}', NULL, NULL, '2026-01-05 11:52:12.454111');
INSERT INTO public.sources VALUES ('c15035cd-5d64-4e3e-99e1-9e3fb75d1bb3', 'rss', 'PlayGround', NULL, '{"url": "https://www.playground.ru/rss/news.xml"}', true, 3, '{"status": "pending", "httpCode": null, "itemCount": null, "lastError": null, "avgLatencyMs": null, "failuresCount": 0, "lastSuccessAt": null, "freshnessHours": null}', NULL, NULL, '2026-01-05 11:52:13.022088');
INSERT INTO public.sources VALUES ('c4ce1f79-ade9-4312-aee9-89b120572438', 'rss', 'GoHa.ru', NULL, '{"url": "https://www.goha.ru/rss"}', true, 3, '{"status": "pending", "httpCode": null, "itemCount": null, "lastError": null, "avgLatencyMs": null, "failuresCount": 0, "lastSuccessAt": null, "freshnessHours": null}', NULL, NULL, '2026-01-05 11:52:13.57702');


--
-- Data for Name: topics; Type: TABLE DATA; Schema: public; Owner: postgres
--

INSERT INTO public.topics VALUES ('b47b1702-cd43-4d4d-8f48-e7b4a096955c', 'c15035cd-5d64-4e3e-99e1-9e3fb75d1bb3', 'Bandai Namco выпустила геймплейный трейлер Code Vein 2; демоверсия редактора персонажей выйдет в январе 2026 года', NULL, NULL, NULL, 'https://www.playground.ru/code_vein_2/news/bandai_namco_vypustila_gejmplejnyj_trejler_code_vein_2_demoversiya_redaktora_personazhej_vyjdet_v_yanvare_2026_goda-1814675#utm_source=rss&amp;utm_medium=referral&amp;utm_campaign=news', 'https://i.playground.ru/e/SiA7xtZJaO6Kb35gFdAQTQ.jpeg', 'Компания Bandai Namco опубликовала новый трейлер своей грядущей экшен-RPG Code Vein 2, подробно описывающий основные компоненты геймплея в течение восьми минут.', NULL, NULL, '{"Bandai Namco","Code Vein"}', 'pending', 'en', 96, 0, 'new', '2026-01-05 15:26:36', '2026-01-05 16:30:42.215652', 9);
INSERT INTO public.topics VALUES ('dba191a8-ad97-46c2-9782-024f26c6154d', 'd76389bb-56f3-4556-9645-da2bbbb53793', 'Лучшие видеоигры 2025 года по версии пользователей DTF — решающий этап', NULL, NULL, NULL, 'https://dtf.ru/games/4657938-luchshie-videoigry-2025-goda-po-versii-polzovateley-dtf?from=rss', 'https://leonardo.osnova.io/a24957c6-ca56-5967-b5c5-5d51fea3283d/', 'Десять претендентов — и каждый заслуживает победы.', NULL, NULL, '{DTF,Лучшие}', 'pending', 'en', 70, 0, 'new', '2026-01-04 10:40:32', '2026-01-05 16:31:13.768373', 14);
INSERT INTO public.topics VALUES ('e862c8cc-c05b-4b51-9ba4-75570f68168c', 'd76389bb-56f3-4556-9645-da2bbbb53793', 'Кассовые сборы «Аватара 3» превысили миллиард долларов — спустя 18 дней после начала проката', NULL, NULL, NULL, 'https://dtf.ru/cinema/4665767-kassovye-sbory-avata-3-prevysili-milliard-dollarov?from=rss', 'https://leonardo.osnova.io/5ac1d712-b8c1-5739-86e9-9f904b149b28/', 'Мировые сборы блокбастера «Аватар: Пламя и пепел» превысили миллиард долларов. Это произошло на 18 день проката (третий уикенд), который стартовал в ряде стран 17 декабря 2025 года. В Соединённых Штатах фильм добрал ещё 40 миллионов, на фоне чего попал на первую строчку бокс-офиса', 'Мировые сборы блокбастера «Аватар: Пламя и пепел» превысили миллиард долларов. Это произошло на 18 день проката (третий уикенд), который стартовал в ряде стран 17 декабря 2025 года. В Соединённых Штатах фильм добрал ещё 40 миллионов, на фоне чего попал на первую строчку бокс-офиса. Картина Джеймса Кэмерона добилась этого результата медленнее, чем первая и вторая части — на достижение подобной отметки им понадобилось 17 и 14 суток соответственно. Аналитики, однако, не уверены, удастся ли «Аватару 3» заработать два миллиарда долларов, как это было с предшественницами. От этого во многом будет зависеть судьба четвёртой и пятой лент в серии, которые запланированы на 2029 и 2031 год соответственно. «Зверополис 2» меж тем собрал ещё 19 миллионов долларов в США, расположившись на втором месте. Мировая касса анимационной комедии достигла 1,58 миллиарда долларов. Тройку лидеров замкнул триллер «Горничная», в котором снялись Сидни Суини и Аманда Сайфред, с 15,2 миллиона долларов, что всего на 1% меньше, чем в предыдущие выходные. В Северной Америке лента от постановщика Пола Фига заработала 133 миллиона при бюджете 35 миллионов. «Марти Великолепный» с Тимоти Шаламе заработал 12,5 миллиона долларов. В общей сложности драматическая комедия Джоша Сэфди получила 56 миллионов долларов — это касается лишь США и Канады, поскольку в других странах прокат начнётся 15 января. Пятёрку лидеров замкнула «Анаконда» с Джеком Блэком и Полом Раддом — десять миллионов долларов. Общая касса по миру составила 88 миллионов при бюджете 45 миллионов. danny Кино и сериалы 29.12.2025 Сборы триквела «Аватара» достигли 760 миллионов долларов всего за два уикенда Касса франшизы пересекла отметку в шесть миллиардов долларов.', '{"summary": "Мировые сборы блокбастера «Аватар: Пламя и пепел» превысили миллиард долларов.  Это произошло на 18 день проката (третий уикенд), который стартовал в ряде стран 17 декабря 2025 года.  В Соединённых Штатах фильм добрал ещё 40 миллионов, на фоне чего попал на первую строчку бокс-офиса", "keyFacts": ["Мировые сборы блокбастера «Аватар: Пламя и пепел» превысили миллиард долларов", "Это произошло на 18 день проката (третий уикенд), который стартовал в ряде стран 17 декабря 2025 года", "В Соединённых Штатах фильм добрал ещё 40 миллионов, на фоне чего попал на первую строчку бокс-офиса", "Картина Джеймса Кэмерона добилась этого результата медленнее, чем первая и вторая части — на достижение подобной отметки им понадобилось 17 и 14 суток соответственно", "Аналитики, однако, не уверены, удастся ли «Аватару 3» заработать два миллиарда долларов, как это было с предшественницами"], "emotionalHooks": ["You won''t believe what happened next", "This is why everyone is talking about it"], "targetAudience": "general", "trendingAngles": [], "viralPotential": 50}', '{Кассовые,Аватара}', 'done', 'en', 97, 0, 'new', '2026-01-04 17:00:06', '2026-01-05 16:31:13.7608', 13);
INSERT INTO public.topics VALUES ('479a88e2-3b98-4f41-8a76-aa9b07438a98', 'd76389bb-56f3-4556-9645-da2bbbb53793', '«Простоквашино» и «Буратино» собрали по миллиарду рублей в прокате, а сборы сиквела «Чебурашки» превысили два миллиарда', NULL, NULL, NULL, 'https://dtf.ru/cinema/4659315-prostokvashino-i-buratino-sobrali-milliard-cheburashka-dva-milliarda?from=rss', 'https://leonardo.osnova.io/41ac34b2-b0a1-5487-916d-3b1b1fb17cae/', '1 января 2026-го в российских кинотеатрах вышло сразу три крупных фильма, основанных на известных отечественных франшизах. Спустя несколько дней каждая их картин смогла добиться успеха в прокате. Так, кассовые сборы « Простоквашино » (режиссёр Сарик Андреасян) и « Буратино » (постановщик Игорь Волошин) уже превысили миллиард рублей', '1 января 2026-го в российских кинотеатрах вышло сразу три крупных фильма, основанных на известных отечественных франшизах. Спустя несколько дней каждая их картин смогла добиться успеха в прокате. Так, кассовые сборы « Простоквашино » (режиссёр Сарик Андреасян) и « Буратино » (постановщик Игорь Волошин) уже превысили миллиард рублей. В обе суммы также входят предпродажи билетов на ближайшие дни. Вторая часть « Чебурашки » от Дмитрия Дьяченко меж тем получила 2,3 миллиарда рублей. Чтобы заработать такую же сумму, предыдущей ленте потребовалось немного больше времени. Средние оценки всех трёх лент на «Кинопоиске» разнятся: 7,3 балла из 10, 6,8 балла и 5,5 балла . Меньше всего получило «Простоквашино». В СМИ также отметили , что все праздники в топ-10 российского проката удерживается драма «Отец, мать, сестра, брат» Джима Джармуша, которая выиграла главный приз Венецианского кинофестиваля 2025. У зарубежной ленты, однако, лишь 17 миллионов рублей. HumbleKnight Кино и сериалы 2 янв «Чебурашка 2» собрал более миллиарда рублей — на второй день проката И на сутки быстрее первой части.', '{"summary": "1 января 2026-го в российских кинотеатрах вышло сразу три крупных фильма, основанных на известных отечественных франшизах.  Спустя несколько дней каждая их картин смогла добиться успеха в прокате.  Так, кассовые сборы « Простоквашино » (режиссёр Сарик Андреасян) и « Буратино » (постановщик Игорь Волошин) уже превысили миллиард рублей", "keyFacts": ["1 января 2026-го в российских кинотеатрах вышло сразу три крупных фильма, основанных на известных отечественных франшизах", "Спустя несколько дней каждая их картин смогла добиться успеха в прокате", "Так, кассовые сборы « Простоквашино » (режиссёр Сарик Андреасян) и « Буратино » (постановщик Игорь Волошин) уже превысили миллиард рублей", "В обе суммы также входят предпродажи билетов на ближайшие дни", "Вторая часть « Чебурашки » от Дмитрия Дьяченко меж тем получила 2,3 миллиарда рублей"], "emotionalHooks": ["You won''t believe what happened next", "This is why everyone is talking about it"], "targetAudience": "general", "trendingAngles": [], "viralPotential": 50}', '{Простоквашино,Буратино,Чебурашки}', 'done', 'en', 77, 0, 'new', '2026-01-04 11:35:50', '2026-01-05 21:49:52.933133', 24);
INSERT INTO public.topics VALUES ('6e1f4ea3-8dec-41fc-946a-48263d1b1b2b', 'd76389bb-56f3-4556-9645-da2bbbb53793', 'Триумф «Битвы за битвой», Шаламе — лучший актёр и премия у Рэй Сихорн: итоги Critics Choice Awards 2026', NULL, NULL, NULL, 'https://dtf.ru/cinema/4681150-itogi-critics-choice-awards-2026?from=rss', 'https://leonardo.osnova.io/e4b6f2c7-44e9-58e3-a4ec-93ba431f210d/', 'В ночь на 5 января прошло мероприятие Critics Choice Awards 2026, которое считается одним из основных в индустрии. Больше всего призов среди фильмов взяли «Франкенштейн» и «Грешники» — по четыре. Тем не менее три ключевых статуэтки забрала «Битва за битвой» — лента победила в категориях «Лучший фильм», «Лучшая режиссура» и «Лучший адаптированный сценарий»', 'В ночь на 5 января прошло мероприятие Critics Choice Awards 2026, которое считается одним из основных в индустрии. Больше всего призов среди фильмов взяли «Франкенштейн» и «Грешники» — по четыре. Тем не менее три ключевых статуэтки забрала «Битва за битвой» — лента победила в категориях «Лучший фильм», «Лучшая режиссура» и «Лучший адаптированный сценарий».

Тимоти Шаламе тем временем удостоился награды за актёрскую игру в «Марти Великолепном», а лучшей актрисой признали Джесси Бакли, снявшуюся в «Гамнете» Хлои Чжао.

«Переходный возраст» стал триумфатором среди шоу, получив четыре премии. «Больница Питт» и «Киностудия» тоже обзавелись несколькими призами. Рэй Сихорн забрала статуэтку за перфоманс в фантастической драме «Одна из многих» от автора «Во все тяжкие».

Лучшим мультсериалом жюри выбрало «Южный парк», а иностранным сериалом — «Игру в кальмара».

bewareofgod Кино и сериалы 08.02.2025 «Анора» — фильм года, Эдриан Броуди — лучший актёр и награда у «Носферату»: все победители премии Critics Choice Awards 2025 Триумфатором среди сериалов стал «Сёгун».', '{"summary": "В ночь на 5 января прошло мероприятие Critics Choice Awards 2026, которое считается одним из основных в индустрии.  Больше всего призов среди фильмов взяли «Франкенштейн» и «Грешники» — по четыре.  Тем не менее три ключевых статуэтки забрала «Битва за битвой» — лента победила в категориях «Лучший фильм», «Лучшая режиссура» и «Лучший адаптированный сценарий»", "keyFacts": ["В ночь на 5 января прошло мероприятие Critics Choice Awards 2026, которое считается одним из основных в индустрии", "Больше всего призов среди фильмов взяли «Франкенштейн» и «Грешники» — по четыре", "Тем не менее три ключевых статуэтки забрала «Битва за битвой» — лента победила в категориях «Лучший фильм», «Лучшая режиссура» и «Лучший адаптированный сценарий»", "Тимоти Шаламе тем временем удостоился награды за актёрскую игру в «Марти Великолепном», а лучшей актрисой признали Джесси Бакли, снявшуюся в «Гамнете» Хлои Чжао", "«Переходный возраст» стал триумфатором среди шоу, получив четыре премии"], "emotionalHooks": ["You won''t believe what happened next", "This is why everyone is talking about it"], "targetAudience": "general", "trendingAngles": [], "viralPotential": 50}', '{"Critics Choice Awards","Рэй Сихорн","Битвы за битвой"}', 'done', 'en', 88, 0, 'new', '2026-01-05 07:55:03', '2026-01-05 21:49:52.955987', 25);
INSERT INTO public.topics VALUES ('dd99f7b5-389c-48da-b9d0-49553c03eac9', 'c15035cd-5d64-4e3e-99e1-9e3fb75d1bb3', 'Сооснователь Metropolis Software рассказал, как покупал права на "Ведьмака" у Сапковского и почему игра так и не вышла', NULL, NULL, NULL, 'https://www.playground.ru/witcher/news/soosnovatel_metropolis_software_rasskazal_kak_pokupal_prava_na_vedmaka_u_sapkovskogo_i_pochemu_igra_tak_i_ne_vyshla-1814740#utm_source=rss&amp;utm_medium=referral&amp;utm_campaign=news', 'https://i.playground.ru/e/CnFoa0_2Hb6kpXaswxur-Q.webp', 'До того, как Геральт из Ривии покорил мир в версии CD Projekt RED, права на адаптацию игр по вселенной Анджея Сапковского принадлежали польской студии Metropolis Software, известной такими тайтлами, как Gorky 17 и Archangel. Почему...', NULL, NULL, '{Сооснователь,Metropolis,Software,Ведьмака}', 'pending', 'en', 91, 0, 'new', '2026-01-05 20:14:54', '2026-01-05 21:53:34.00538', 26);
INSERT INTO public.topics VALUES ('8577af2e-90be-420d-9d0c-e1aebd219cfb', 'c15035cd-5d64-4e3e-99e1-9e3fb75d1bb3', 'По словам аналитиков, продажи ARC Raiders превысили 12 миллионов копий в начале 2026 года', NULL, NULL, NULL, 'https://www.playground.ru/arc_raiders/news/po_slovam_analitikov_prodazhi_arc_raiders_prevysili_12_millionov_kopij_v_nachale_2026_goda-1814684#utm_source=rss&amp;utm_medium=referral&amp;utm_campaign=news', 'https://i.playground.ru/e/Wy4P8Hra99o4iSpcsHptnA.png', 'По словам Риса Эллиотта из Alinea Analytics, в минувшие выходные продажи шутера ARC Raiders от Embark превысили 12 миллионов копий.', NULL, NULL, '{ARC,Raiders}', 'pending', 'en', 87, 0, 'new', '2026-01-05 16:01:11', '2026-01-05 21:53:34.015669', 27);
INSERT INTO public.topics VALUES ('3c9d99c5-48c1-4b04-8e4e-361858cf78ae', 'c15035cd-5d64-4e3e-99e1-9e3fb75d1bb3', 'Трейлер и подробности временного события Apex Legends "Зимний разгром"', NULL, NULL, NULL, 'https://www.playground.ru/apex_legends/news/trejler_i_podrobnosti_vremennogo_sobytiya_apex_legends_zimnij_razgrom-1814723#utm_source=rss&amp;utm_medium=referral&amp;utm_campaign=news', 'https://i.playground.ru/e/0XEVadIscmIOLOJAwws5Ww.jpeg', 'Экипируйтесь и покоряйте склоны, событие "Зимний разгром" уже началось!', NULL, NULL, '{"Apex Legends","Зимний разгром"}', 'pending', 'en', 77, 0, 'new', '2026-01-05 18:38:45', '2026-01-05 21:53:34.039789', 29);
INSERT INTO public.topics VALUES ('edfa519b-7600-4142-af98-861a0d2c72ba', 'd76389bb-56f3-4556-9645-da2bbbb53793', 'LG анонсировала «беспроводной» OLED-телевизор с толщиной корпуса 9 мм', NULL, NULL, NULL, 'https://dtf.ru/hard/4682723-lg-besprovodnoj-oled-televizor-9-mm?from=rss', 'https://leonardo.osnova.io/45d28beb-0697-5d66-8579-cd9955c506a5/', 'Компания полноценно представит телевизор LG OLED evo W6 в ходе выставки CES, которая пройдёт с 6 по 9 января. Настенное крепление позволяет установить устройство вплотную к стене. В комплекте буде идти приставка Zero Connect Box для подключения кабелей, которую можно разместить на расстоянии до десяти метров от телевизора', 'Компания полноценно представит телевизор LG OLED evo W6 в ходе выставки CES, которая пройдёт с 6 по 9 января. Толщина корпуса — 9 мм. Настенное крепление позволяет установить устройство вплотную к стене. В комплекте буде идти приставка Zero Connect Box для подключения кабелей, которую можно разместить на расстоянии до десяти метров от телевизора. Но сам экран всё равно нужно подключить к розетке, уточняет Cnet. Устройство поддерживает технологию Hyper Radiant Color, которая позволила улучшить общую цветопередачу и передачу чёрного цвета, и Brightness Booster Ultra — по словам компании, она обеспечивает уровень яркости до 3,9 раза выше, чем «у обычных OLED-телевизоров». Также, как утверждает LG, телевизор получил сертификацию Reflection Free Premium от Intertek. Диагональ экрана — 77 или 83 дюйма, пишет Cnet. W6 будет поддерживать частоту обновления до 165 Гц и разрешение 4K. Цены и информацию о старте продаж компания не раскрыла. В The Verge напомнили , что LG представила первый Wallpaper TV в 2017 году. Толщина корпуса тогда составила 2,57 мм. #lg #новости', '{"summary": "Компания полноценно представит телевизор LG OLED evo W6 в ходе выставки CES, которая пройдёт с 6 по 9 января.  Толщина корпуса — 9 мм.  Настенное крепление позволяет установить устройство вплотную к стене", "keyFacts": ["Компания полноценно представит телевизор LG OLED evo W6 в ходе выставки CES, которая пройдёт с 6 по 9 января", "Настенное крепление позволяет установить устройство вплотную к стене", "В комплекте буде идти приставка Zero Connect Box для подключения кабелей, которую можно разместить на расстоянии до десяти метров от телевизора", "Но сам экран всё равно нужно подключить к розетке, уточняет Cnet"], "emotionalHooks": ["You won''t believe what happened next", "This is why everyone is talking about it"], "targetAudience": "general", "trendingAngles": [], "viralPotential": 50}', '{LG,OLED}', 'done', 'en', 94, 0, 'new', '2026-01-05 12:36:54', '2026-01-05 21:54:05.464643', 31);
INSERT INTO public.topics VALUES ('8019b1ce-cba2-4c39-918c-a98b8fc66b2d', 'd76389bb-56f3-4556-9645-da2bbbb53793', '«Простоквашино» и «Буратино» собрали по миллиарду рублей в прокате, а сборы сиквела «Чебурашки» превысили два миллиарда', NULL, NULL, NULL, 'https://dtf.ru/cinema/4659315-prostokvashino-i-buratino-sobrali-milliard-cheburashka-dva-milliarda?from=rss', 'https://leonardo.osnova.io/41ac34b2-b0a1-5487-916d-3b1b1fb17cae/', '1 января 2026-го в российских кинотеатрах вышло сразу три крупных фильма, основанных на известных отечественных франшизах. Спустя несколько дней каждая их картин смогла добиться успеха в прокате. Так, кассовые сборы « Простоквашино » (режиссёр Сарик Андреасян) и « Буратино » (постановщик Игорь Волошин) уже превысили миллиард рублей', '1 января 2026-го в российских кинотеатрах вышло сразу три крупных фильма, основанных на известных отечественных франшизах. Спустя несколько дней каждая их картин смогла добиться успеха в прокате. Так, кассовые сборы « Простоквашино » (режиссёр Сарик Андреасян) и « Буратино » (постановщик Игорь Волошин) уже превысили миллиард рублей. В обе суммы также входят предпродажи билетов на ближайшие дни. Вторая часть « Чебурашки » от Дмитрия Дьяченко меж тем получила 2,3 миллиарда рублей. Чтобы заработать такую же сумму, предыдущей ленте потребовалось немного больше времени. Средние оценки всех трёх лент на «Кинопоиске» разнятся: 7,3 балла из 10, 6,8 балла и 5,5 балла . Меньше всего получило «Простоквашино». В СМИ также отметили , что все праздники в топ-10 российского проката удерживается драма «Отец, мать, сестра, брат» Джима Джармуша, которая выиграла главный приз Венецианского кинофестиваля 2025. У зарубежной ленты, однако, лишь 17 миллионов рублей. HumbleKnight Кино и сериалы 2 янв «Чебурашка 2» собрал более миллиарда рублей — на второй день проката И на сутки быстрее первой части.', '{"summary": "1 января 2026-го в российских кинотеатрах вышло сразу три крупных фильма, основанных на известных отечественных франшизах.  Спустя несколько дней каждая их картин смогла добиться успеха в прокате.  Так, кассовые сборы « Простоквашино » (режиссёр Сарик Андреасян) и « Буратино » (постановщик Игорь Волошин) уже превысили миллиард рублей", "keyFacts": ["1 января 2026-го в российских кинотеатрах вышло сразу три крупных фильма, основанных на известных отечественных франшизах", "Спустя несколько дней каждая их картин смогла добиться успеха в прокате", "Так, кассовые сборы « Простоквашино » (режиссёр Сарик Андреасян) и « Буратино » (постановщик Игорь Волошин) уже превысили миллиард рублей", "В обе суммы также входят предпродажи билетов на ближайшие дни", "Вторая часть « Чебурашки » от Дмитрия Дьяченко меж тем получила 2,3 миллиарда рублей"], "emotionalHooks": ["You won''t believe what happened next", "This is why everyone is talking about it"], "targetAudience": "general", "trendingAngles": [], "viralPotential": 50}', '{Простоквашино,Буратино,Чебурашки}', 'done', 'en', 85, 0, 'new', '2026-01-04 11:35:50', '2026-01-05 21:54:05.482654', 33);
INSERT INTO public.topics VALUES ('55244432-88c2-437d-829b-ca255c43c636', 'c15035cd-5d64-4e3e-99e1-9e3fb75d1bb3', 'Обновление Path of Exile 2 вызвало гнев игроков из-за изменений в механике храмов', NULL, NULL, NULL, 'https://www.playground.ru/path_of_exile_2/news/obnovlenie_path_of_exile_2_vyzvalo_gnev_igrokov_iz_za_izmenenij_v_mehanike_hramov-1814591#utm_source=rss&amp;utm_medium=referral&amp;utm_campaign=news', 'https://i.playground.ru/e/sB9bRG2IjTiqiR9S07xhdg.jpeg', 'Попытка разработчиков исправить критикуемую механику в лиге Судьба Ваал привела к неожиданным последствиям, создав серьезный дисбаланс между опытными игроками и теми, кто только начал осваивать контент.', NULL, NULL, '{"Обновление Path","Exile 2"}', 'pending', 'en', 88, 0, 'new', '2026-01-05 10:25:45', '2026-01-05 11:52:22.004929', 2);
INSERT INTO public.topics VALUES ('aff8f0f6-8c2e-48fb-a984-f521118d3d5b', 'd76389bb-56f3-4556-9645-da2bbbb53793', 'Итоги The Steam Awards 2025: Silksong — игра года, а у Dispatch — лучший сюжет', NULL, NULL, NULL, 'https://dtf.ru/games/4637985-itogi-the-steam-awards-2025?from=rss', 'https://leonardo.osnova.io/f4915d30-1dbd-575a-9972-b044a75c8477/', 'У Expedition 33 лишь одна награда: за лучший саундтрек.', NULL, NULL, '{"Итоги The Steam Awards",Silksong,Dispatch}', 'pending', 'en', 87, 0, 'new', '2026-01-03 18:15:08', '2026-01-05 11:52:22.009361', 3);
INSERT INTO public.topics VALUES ('1dea0ecc-4299-43db-b8b7-d7541c30f9a6', 'c15035cd-5d64-4e3e-99e1-9e3fb75d1bb3', 'В Final Fantasy XIV планируются больше возможностей для кастомизации персонажей и другие изменения', NULL, NULL, NULL, 'https://www.playground.ru/final_fantasy_14_a_realm_reborn/news/v_final_fantasy_xiv_planiruyutsya_bolshe_vozmozhnostej_dlya_kastomizatsii_personazhej_i_drugie_izmeneniya-1814593#utm_source=rss&amp;utm_medium=referral&amp;utm_campaign=news', 'https://i.playground.ru/e/L7WIZVsTt-It-EGPz0MtyQ.jpeg', 'Режиссёр и продюсер Final Fantasy 14 Наоки "Йоши-Пи" Йошида заявил во время недавнего обсуждения, что команда разработчиков рассматривает больше вариантов для кастомизации персонажей, но не уточнил, что именно будет изменено. Он отметил, что необходимая техническая...', 'Режиссёр и продюсер Final Fantasy 14 Наоки "Йоши-Пи" Йошида заявил во время недавнего обсуждения, что команда разработчиков рассматривает больше вариантов для кастомизации персонажей, но не уточнил, что именно будет изменено. Он отметил, что необходимая техническая база для этого уже готова.

Йошида также сообщил, что некоторые изменения, предложенные игроками, такие как улучшение Режима проводника (Explorer Mode), были учтены для будущих обновлений игры. Кроме того, он добавил, что корейская версия Final Fantasy 14 будет доступна наравне с глобальными и китайскими к моменту выхода патча 7.5, который должен выйти весной 2026 года. С патчем 7.5 также станет доступен следующий Ultimate-рейд и другие нововведения, включая ограниченную профессию "Повелитель зверей" (Beastmaster). Кроме того планируется добавить торговца, у которого можно будет приобретать старые реликтовые оружия, что должно помочь игрокам освободить место в инвентаре.

Комментарии Йошиды появились вскоре после того, как 16 декабря в Final Fantasy 14 был выпущен патч 7.4 "Into the Mist" (В туман). Обновление контента привнесло новую главу основного сюжета, посвящённую Девятому осколку, финал полюбившейся фанатам серии рейдов Arcadion, а также некоторые изменения в балансе профессий, в результате которых Gunbreaker и Red Mage получили неожиданные корректировки.

Однако обновление 7.4 для Final Fantasy 14 было омрачено постоянными проблемами с сервером, из-за которых некоторые игроки в Северной Америке время от времени отключались от игры. Несмотря на то, что разработчики игры выпустили рождественский патч для устранения некоторых ошибок, проблемы с серверами, затрагивающие дата-центры Aether, Primal, Crystal и Dynamics, оставались постоянной проблемой для сообщества.

Ранее Йошида намекнул на выход версии Final Fantasy 14 для Nintendo Switch 1/2', '{"summary": "Режиссёр и продюсер Final Fantasy 14 Наоки \"Йоши-Пи\" Йошида заявил во время недавнего обсуждения, что команда разработчиков рассматривает больше вариантов для кастомизации персонажей, но не уточнил, что именно будет изменено.  Он отметил, что необходимая техническая база для этого уже готова. \n\nЙошида также сообщил, что некоторые изменения, предложенные игроками, такие как улучшение Режима проводника (Explorer Mode), были учтены для будущих обновлений игры", "keyFacts": ["Режиссёр и продюсер Final Fantasy 14 Наоки \"Йоши-Пи\" Йошида заявил во время недавнего обсуждения, что команда разработчиков рассматривает больше вариантов для кастомизации персонажей, но не уточнил, что именно будет изменено", "Он отметил, что необходимая техническая база для этого уже готова", "Йошида также сообщил, что некоторые изменения, предложенные игроками, такие как улучшение Режима проводника (Explorer Mode), были учтены для будущих обновлений игры", "Кроме того, он добавил, что корейская версия Final Fantasy 14 будет доступна наравне с глобальными и китайскими к моменту выхода патча 7", "5, который должен выйти весной 2026 года"], "emotionalHooks": ["You won''t believe what happened next", "This is why everyone is talking about it"], "targetAudience": "general", "trendingAngles": [], "viralPotential": 50}', '{"Final Fantasy",XIV}', 'done', 'en', 96, 0, 'in_progress', '2026-01-05 10:29:06', '2026-01-05 11:52:22.022964', 5);
INSERT INTO public.topics VALUES ('586d5394-0f8e-4c4b-9717-443709d6136c', 'd76389bb-56f3-4556-9645-da2bbbb53793', 'Resident Evil Requiem добавили в список желаемого более четырёх миллионов раз', NULL, NULL, NULL, 'https://dtf.ru/games/4662418-resident-evil-requiem-bolee-4-milliona?from=rss', 'https://leonardo.osnova.io/9f9f27e5-47a1-56ae-9141-50dac7f24986/', 'Resident Evil Requiem достигла четырёх миллионов добавлений в список желаемого. Об этом разработчики из студии Capcom рассказали в своих социальных сетях, также поблагодарив фанатов. В учёт взяли все платформы, на которых выйдет игра: ПК (Steam), PS5, Xbox Series X|S и Nintendo Switch 2', 'Resident Evil Requiem достигла четырёх миллионов добавлений в список желаемого. Об этом разработчики из студии Capcom рассказали в своих социальных сетях, также поблагодарив фанатов. В учёт взяли все платформы, на которых выйдет игра: ПК (Steam), PS5, Xbox Series X|S и Nintendo Switch 2. Ранее авторы хоррора несколько раз отчитывались о количестве вишлистов. Уже скоро Capcom проведёт прямую трансляцию, в ходе которой поделится деталями о Resident Evil Requiem. Релиз же состоится менее чем через два месяца — 27 февраля. Ранее разработчики китайской экшен-RPG Phantom Blade Zero тоже поделились информацией о количестве добавлений в список желаемого — свыше миллиона раз в течение 15 дней. bewareofgod Игры 29.12.2025 Phantom Blade Zero достигла миллиона добавлений в список желаемого на ПК и PS5 за 15 дней Китайские разработчики пообещали регулярно делиться деталями амбициозного экшена вплоть до релиза в сентябре 2026 года.', '{"summary": "Resident Evil Requiem достигла четырёх миллионов добавлений в список желаемого.  Об этом разработчики из студии Capcom рассказали в своих социальных сетях, также поблагодарив фанатов.  В учёт взяли все платформы, на которых выйдет игра: ПК (Steam), PS5, Xbox Series X|S и Nintendo Switch 2", "keyFacts": ["Resident Evil Requiem достигла четырёх миллионов добавлений в список желаемого", "Об этом разработчики из студии Capcom рассказали в своих социальных сетях, также поблагодарив фанатов", "В учёт взяли все платформы, на которых выйдет игра: ПК (Steam), PS5, Xbox Series X|S и Nintendo Switch 2", "Ранее авторы хоррора несколько раз отчитывались о количестве вишлистов", "Уже скоро Capcom проведёт прямую трансляцию, в ходе которой поделится деталями о Resident Evil Requiem"], "emotionalHooks": ["You won''t believe what happened next", "This is why everyone is talking about it"], "targetAudience": "general", "trendingAngles": [], "viralPotential": 50}', '{"Resident Evil Requiem"}', 'done', 'en', 73, 0, 'new', '2026-01-04 13:45:47', '2026-01-05 11:52:21.994495', 1);
INSERT INTO public.topics VALUES ('1cfc6a3b-4e5c-425e-a373-cbd71c867e19', 'c15035cd-5d64-4e3e-99e1-9e3fb75d1bb3', 'Компания Limited Run Games анонсировала физические издания Hi-Fi Rush, предзаказы начнутся 16 января', NULL, NULL, NULL, 'https://www.playground.ru/hifi_rush/news/kompaniya_limited_run_games_anonsirovala_fizicheskie_izdaniya_hi_fi_rush_predzakazy_nachnutsya_16_yanvarya-1814676#utm_source=rss&amp;utm_medium=referral&amp;utm_campaign=news', 'https://i.playground.ru/e/r-qKNEUYmzNrZoe-U2SwYw.png', 'Компания Limited Run Games объявила, что физические версии ритм-игры Hi-Fi Rush от Krafton и Tango Gameworks станут доступны для предзаказа на Xbox и PlayStation с 16 января 2026 года до 1 марта 2026 года.', NULL, NULL, '{"Компания Limited Run Games","Fi Rush"}', 'pending', 'en', 77, 0, 'new', '2026-01-05 15:30:48', '2026-01-05 16:30:42.197762', 6);
INSERT INTO public.topics VALUES ('d4038aa9-2e37-4dac-ae3b-b023a78030ed', 'c15035cd-5d64-4e3e-99e1-9e3fb75d1bb3', 'По слухам, NVIDIA готовит DLSS 4.5: революцию Super Resolution и динамической генерации кадров', NULL, NULL, NULL, 'https://www.playground.ru/misc/news/po_sluham_nvidia_gotovit_dlss_4_5_revolyutsiyu_super_resolution_i_dinamicheskoj_generatsii_kadrov-1814670#utm_source=rss&amp;utm_medium=referral&amp;utm_campaign=news', 'https://i.playground.ru/e/dnVA8btEJTfHDqVPh6J6-A.jpeg', 'NVIDIA готовится к анонсу нового шага в развитии технологии DLSS: DLSS 4.5, сосредоточенного на улучшении Super Resolution и введении динамической многокадровой генерации для более точного соответствия целевой частоте обновления дисплея. Официальный анонс состоится уже завтра.', NULL, NULL, '{"Super Resolution",NVIDIA,"DLSS 4"}', 'pending', 'en', 79, 0, 'new', '2026-01-05 15:14:08', '2026-01-05 16:30:42.204551', 7);
INSERT INTO public.topics VALUES ('c7d60652-e2cd-4a84-9c2d-ccfa0f10a7de', 'd76389bb-56f3-4556-9645-da2bbbb53793', 'Кассовые сборы «Аватара 3» превысили миллиард долларов — спустя 18 дней после начала проката', NULL, NULL, NULL, 'https://dtf.ru/cinema/4665767-kassovye-sbory-avata-3-prevysili-milliard-dollarov?from=rss', 'https://leonardo.osnova.io/5ac1d712-b8c1-5739-86e9-9f904b149b28/', 'Мировые сборы блокбастера «Аватар: Пламя и пепел» превысили миллиард долларов. Это произошло на 18 день проката (третий уикенд), который стартовал в ряде стран 17 декабря 2025 года. В Соединённых Штатах фильм добрал ещё 40 миллионов, на фоне чего попал на первую строчку бокс-офиса', 'Мировые сборы блокбастера «Аватар: Пламя и пепел» превысили миллиард долларов. Это произошло на 18 день проката (третий уикенд), который стартовал в ряде стран 17 декабря 2025 года. В Соединённых Штатах фильм добрал ещё 40 миллионов, на фоне чего попал на первую строчку бокс-офиса. Картина Джеймса Кэмерона добилась этого результата медленнее, чем первая и вторая части — на достижение подобной отметки им понадобилось 17 и 14 суток соответственно. Аналитики, однако, не уверены, удастся ли «Аватару 3» заработать два миллиарда долларов, как это было с предшественницами. От этого во многом будет зависеть судьба четвёртой и пятой лент в серии, которые запланированы на 2029 и 2031 год соответственно. «Зверополис 2» меж тем собрал ещё 19 миллионов долларов в США, расположившись на втором месте. Мировая касса анимационной комедии достигла 1,58 миллиарда долларов. Тройку лидеров замкнул триллер «Горничная», в котором снялись Сидни Суини и Аманда Сайфред, с 15,2 миллиона долларов, что всего на 1% меньше, чем в предыдущие выходные. В Северной Америке лента от постановщика Пола Фига заработала 133 миллиона при бюджете 35 миллионов. «Марти Великолепный» с Тимоти Шаламе заработал 12,5 миллиона долларов. В общей сложности драматическая комедия Джоша Сэфди получила 56 миллионов долларов — это касается лишь США и Канады, поскольку в других странах прокат начнётся 15 января. Пятёрку лидеров замкнула «Анаконда» с Джеком Блэком и Полом Раддом — десять миллионов долларов. Общая касса по миру составила 88 миллионов при бюджете 45 миллионов. danny Кино и сериалы 29.12.2025 Сборы триквела «Аватара» достигли 760 миллионов долларов всего за два уикенда Касса франшизы пересекла отметку в шесть миллиардов долларов.', '{"summary": "Мировые сборы блокбастера «Аватар: Пламя и пепел» превысили миллиард долларов.  Это произошло на 18 день проката (третий уикенд), который стартовал в ряде стран 17 декабря 2025 года.  В Соединённых Штатах фильм добрал ещё 40 миллионов, на фоне чего попал на первую строчку бокс-офиса", "keyFacts": ["Мировые сборы блокбастера «Аватар: Пламя и пепел» превысили миллиард долларов", "Это произошло на 18 день проката (третий уикенд), который стартовал в ряде стран 17 декабря 2025 года", "В Соединённых Штатах фильм добрал ещё 40 миллионов, на фоне чего попал на первую строчку бокс-офиса", "Картина Джеймса Кэмерона добилась этого результата медленнее, чем первая и вторая части — на достижение подобной отметки им понадобилось 17 и 14 суток соответственно", "Аналитики, однако, не уверены, удастся ли «Аватару 3» заработать два миллиарда долларов, как это было с предшественницами"], "emotionalHooks": ["You won''t believe what happened next", "This is why everyone is talking about it"], "targetAudience": "general", "trendingAngles": [], "viralPotential": 50}', '{Кассовые,Аватара}', 'done', 'en', 80, 0, 'in_progress', '2026-01-04 17:00:06', '2026-01-05 11:52:22.014213', 4);
INSERT INTO public.topics VALUES ('a56abca3-d7a9-4f23-95dc-80b2ac002453', 'c15035cd-5d64-4e3e-99e1-9e3fb75d1bb3', 'Компания Sandisk отказывается от брендов WD_BLACK и WD Blue и запускает линейку SSD-накопителей Optimus', NULL, NULL, NULL, 'https://www.playground.ru/misc/news/kompaniya_sandisk_otkazyvaetsya_ot_brendov_wd_black_i_wd_blue_i_zapuskaet_linejku_ssd_nakopitelej_optimus-1814679#utm_source=rss&amp;utm_medium=referral&amp;utm_campaign=news', 'https://i.playground.ru/e/E0WOu3Q27oagajINfaqShw.png', 'На выставке CES 2026 компания SanDisk представила SanDisk Optimus - переосмысленное название для своей популярной линейки внутренних SSD-накопителей, предназначенных для геймеров, создателей контента и профессионалов. Новый бренд подчеркивает стремление к лидерству в производительности, инженерному совершенству...', NULL, NULL, '{"Компания Sandisk",WD,SSD}', 'pending', 'en', 98, 0, 'new', '2026-01-05 15:40:43', '2026-01-05 16:30:42.222785', 10);
INSERT INTO public.topics VALUES ('e52e02ae-e708-43b8-abf5-df5bf8b3fccd', 'd76389bb-56f3-4556-9645-da2bbbb53793', 'Спидраннер прошёл Super Meat Boy на 106% ни разу не умерев — на это ему понадобилось 700-800 часов и около 100 тысяч смертей', NULL, NULL, NULL, 'https://dtf.ru/games/4681371-spidranner-shredberg-proshyel-super-meat-boy-na-106-bez-smertey?from=rss', 'https://leonardo.osnova.io/185645c8-d7f1-5f63-8b9b-259febb0c29e/-/format/mp4/', 'Автор платформера Эдмунд Макмиллен оценил навыки игрока.', NULL, NULL, '{"Super Meat Boy",Спидраннер}', 'pending', 'en', 94, 0, 'missed', '2026-01-05 09:45:22', '2026-01-05 16:30:42.210138', 8);
INSERT INTO public.topics VALUES ('4db778ca-1678-4f40-8829-46f60ffcdbbb', 'd76389bb-56f3-4556-9645-da2bbbb53793', 'NVIDIA не анонсирует серию видеокарт RTX 50 Super на выставке CES 2026', NULL, NULL, NULL, 'https://dtf.ru/hard/4682972-nvidia-ne-predstavit-videokarty-rtx-50-super-na-ces-2026?from=rss', 'https://leonardo.osnova.io/76639211-704c-5af7-80ef-3510d5bb7437/', 'NVIDIA заявила , что на выставке CES 2026 не будет анонса новых видеокарт. В корпорации, судя по всему, подразумевали линейку RTX 50 Super, о которой в прошлом неоднократно упоминали СМИ. Презентация компании начнётся 6 января в 08:00 по московскому времени', 'NVIDIA заявила , что на выставке CES 2026 не будет анонса новых видеокарт. В корпорации, судя по всему, подразумевали линейку RTX 50 Super, о которой в прошлом неоднократно упоминали СМИ. Презентация компании начнётся 6 января в 08:00 по московскому времени. Прямую трансляцию посвятят «новейшим функциям, играм, приложениям и партнёрским продуктам». В издании VideoCardz заявили , что NVIDIA собирается представить улучшенную технологию масштабирования DLSS — 4.5. По данным журналистов, в эту версию войдёт второе поколение модели трансформера для всех видеокарт RTX и динамическая генерация кадров для серии RTX 50. Официальной информации о новой линейке Super нет и пока неясно, увидит ли она свет на фоне крисиза на рынке оперативной памяти в связи с ИИ-датацентрами. vc.ru Железо 29.12.2025 NVIDIA приобрела долю в Intel на пять миллиардов долларов Сделку анонсировали в сентябре 2025 года.', '{"summary": "NVIDIA заявила , что на выставке CES 2026 не будет анонса новых видеокарт.  В корпорации, судя по всему, подразумевали линейку RTX 50 Super, о которой в прошлом неоднократно упоминали СМИ.  Презентация компании начнётся 6 января в 08:00 по московскому времени", "keyFacts": ["NVIDIA заявила , что на выставке CES 2026 не будет анонса новых видеокарт", "В корпорации, судя по всему, подразумевали линейку RTX 50 Super, о которой в прошлом неоднократно упоминали СМИ", "Презентация компании начнётся 6 января в 08:00 по московскому времени", "Прямую трансляцию посвятят «новейшим функциям, играм, приложениям и партнёрским продуктам»", "В издании VideoCardz заявили , что NVIDIA собирается представить улучшенную технологию масштабирования DLSS — 4"], "emotionalHooks": ["You won''t believe what happened next", "This is why everyone is talking about it"], "targetAudience": "general", "trendingAngles": [], "viralPotential": 50}', '{NVIDIA,"RTX 50","CES 2026"}', 'done', 'en', 94, 0, 'new', '2026-01-05 14:43:11', '2026-01-05 16:31:13.753046', 12);
INSERT INTO public.topics VALUES ('deb8bf42-5b67-456d-9d8a-147dabfc75a8', 'd76389bb-56f3-4556-9645-da2bbbb53793', 'Триумф «Битвы за битвой», Шаламе — лучший актёр и премия у Рэй Сихорн: итоги Critics Choice Awards 2026', NULL, NULL, NULL, 'https://dtf.ru/cinema/4681150-itogi-critics-choice-awards-2026?from=rss', 'https://leonardo.osnova.io/e4b6f2c7-44e9-58e3-a4ec-93ba431f210d/', 'В ночь на 5 января прошло мероприятие Critics Choice Awards 2026, которое считается одним из основных в индустрии. Больше всего призов среди фильмов взяли «Франкенштейн» и «Грешники» — по четыре. Тем не менее три ключевых статуэтки забрала «Битва за битвой» — лента победила в категориях «Лучший фильм», «Лучшая режиссура» и «Лучший адаптированный сценарий»', 'В ночь на 5 января прошло мероприятие Critics Choice Awards 2026, которое считается одним из основных в индустрии. Больше всего призов среди фильмов взяли «Франкенштейн» и «Грешники» — по четыре. Тем не менее три ключевых статуэтки забрала «Битва за битвой» — лента победила в категориях «Лучший фильм», «Лучшая режиссура» и «Лучший адаптированный сценарий».

Тимоти Шаламе тем временем удостоился награды за актёрскую игру в «Марти Великолепном», а лучшей актрисой признали Джесси Бакли, снявшуюся в «Гамнете» Хлои Чжао.

«Переходный возраст» стал триумфатором среди шоу, получив четыре премии. «Больница Питт» и «Киностудия» тоже обзавелись несколькими призами. Рэй Сихорн забрала статуэтку за перфоманс в фантастической драме «Одна из многих» от автора «Во все тяжкие».

Лучшим мультсериалом жюри выбрало «Южный парк», а иностранным сериалом — «Игру в кальмара».

bewareofgod Кино и сериалы 08.02.2025 «Анора» — фильм года, Эдриан Броуди — лучший актёр и награда у «Носферату»: все победители премии Critics Choice Awards 2025 Триумфатором среди сериалов стал «Сёгун».', '{"summary": "В ночь на 5 января прошло мероприятие Critics Choice Awards 2026, которое считается одним из основных в индустрии.  Больше всего призов среди фильмов взяли «Франкенштейн» и «Грешники» — по четыре.  Тем не менее три ключевых статуэтки забрала «Битва за битвой» — лента победила в категориях «Лучший фильм», «Лучшая режиссура» и «Лучший адаптированный сценарий»", "keyFacts": ["В ночь на 5 января прошло мероприятие Critics Choice Awards 2026, которое считается одним из основных в индустрии", "Больше всего призов среди фильмов взяли «Франкенштейн» и «Грешники» — по четыре", "Тем не менее три ключевых статуэтки забрала «Битва за битвой» — лента победила в категориях «Лучший фильм», «Лучшая режиссура» и «Лучший адаптированный сценарий»", "Тимоти Шаламе тем временем удостоился награды за актёрскую игру в «Марти Великолепном», а лучшей актрисой признали Джесси Бакли, снявшуюся в «Гамнете» Хлои Чжао", "«Переходный возраст» стал триумфатором среди шоу, получив четыре премии"], "emotionalHooks": ["You won''t believe what happened next", "This is why everyone is talking about it"], "targetAudience": "general", "trendingAngles": [], "viralPotential": 50}', '{"Critics Choice Awards","Рэй Сихорн","Битвы за битвой"}', 'done', 'en', 95, 0, 'new', '2026-01-05 07:55:03', '2026-01-05 16:31:13.778539', 15);
INSERT INTO public.topics VALUES ('c1859ea9-f84a-41a2-a186-e54b1a34910d', 'd76389bb-56f3-4556-9645-da2bbbb53793', 'LG анонсировала «беспроводной» OLED-телевизор с толщиной корпуса 9 мм', NULL, NULL, NULL, 'https://dtf.ru/hard/4682723-lg-besprovodnoj-oled-televizor-9-mm?from=rss', 'https://leonardo.osnova.io/45d28beb-0697-5d66-8579-cd9955c506a5/', 'Компания полноценно представит телевизор LG OLED evo W6 в ходе выставки CES, которая пройдёт с 6 по 9 января. Настенное крепление позволяет установить устройство вплотную к стене. В комплекте буде идти приставка Zero Connect Box для подключения кабелей, которую можно разместить на расстоянии до десяти метров от телевизора', 'Компания полноценно представит телевизор LG OLED evo W6 в ходе выставки CES, которая пройдёт с 6 по 9 января. Толщина корпуса — 9 мм. Настенное крепление позволяет установить устройство вплотную к стене. В комплекте буде идти приставка Zero Connect Box для подключения кабелей, которую можно разместить на расстоянии до десяти метров от телевизора. Но сам экран всё равно нужно подключить к розетке, уточняет Cnet. Устройство поддерживает технологию Hyper Radiant Color, которая позволила улучшить общую цветопередачу и передачу чёрного цвета, и Brightness Booster Ultra — по словам компании, она обеспечивает уровень яркости до 3,9 раза выше, чем «у обычных OLED-телевизоров». Также, как утверждает LG, телевизор получил сертификацию Reflection Free Premium от Intertek. Диагональ экрана — 77 или 83 дюйма, пишет Cnet. W6 будет поддерживать частоту обновления до 165 Гц и разрешение 4K. Цены и информацию о старте продаж компания не раскрыла. В The Verge напомнили , что LG представила первый Wallpaper TV в 2017 году. Толщина корпуса тогда составила 2,57 мм. #lg #новости', '{"summary": "Компания полноценно представит телевизор LG OLED evo W6 в ходе выставки CES, которая пройдёт с 6 по 9 января.  Толщина корпуса — 9 мм.  Настенное крепление позволяет установить устройство вплотную к стене", "keyFacts": ["Компания полноценно представит телевизор LG OLED evo W6 в ходе выставки CES, которая пройдёт с 6 по 9 января", "Настенное крепление позволяет установить устройство вплотную к стене", "В комплекте буде идти приставка Zero Connect Box для подключения кабелей, которую можно разместить на расстоянии до десяти метров от телевизора", "Но сам экран всё равно нужно подключить к розетке, уточняет Cnet"], "emotionalHooks": ["You won''t believe what happened next", "This is why everyone is talking about it"], "targetAudience": "general", "trendingAngles": [], "viralPotential": 50}', '{LG,OLED}', 'done', 'en', 72, 0, 'new', '2026-01-05 12:36:54', '2026-01-05 16:31:13.745467', 11);
INSERT INTO public.topics VALUES ('7f39bbfd-0483-4c2b-8536-6da087a94e47', 'c15035cd-5d64-4e3e-99e1-9e3fb75d1bb3', 'Terra Invicta официально вышла из раннего доступа - стратегия о защите Земли от пришельцев получила версию 1.0', NULL, NULL, NULL, 'https://www.playground.ru/terra_invicta/news/terra_invicta_ofitsialno_vyshla_iz_rannego_dostupa_strategiya_o_zaschite_zemli_ot_prisheltsev_poluchila_versiyu_1_0-1814726#utm_source=rss&amp;utm_medium=referral&amp;utm_campaign=news', 'https://i.playground.ru/e/9cfhW6FpqMVWlrzjC4eB4w.jpeg', 'Стратегия Terra Invicta от студии Pavonis Interactive добралась до полноценного релиза: игра официально вышла в версии 1.0 и уже доступна со скидкой 35%. Проект предлагает игрокам взять под контроль одну из глобальных фракций и возглавить...', NULL, NULL, '{"Terra Invicta",Земли}', 'pending', 'en', 92, 0, 'new', '2026-01-05 18:55:03', '2026-01-05 20:43:49.979709', 17);
INSERT INTO public.topics VALUES ('671af78c-a94b-435a-972e-4c0e9b4f4dbf', 'c15035cd-5d64-4e3e-99e1-9e3fb75d1bb3', 'Clair Obscur: Expedition 33 обошла The Last of Us Part 2 и стала второй по количеству наград "Игра года"', NULL, NULL, NULL, 'https://www.playground.ru/clair_obscur_expedition_33/news/clair_obscur_expedition_33_oboshla_the_last_of_us_part_2_i_stala_vtoroj_po_kolichestvu_nagrad_igra_goda-1814735#utm_source=rss&amp;utm_medium=referral&amp;utm_campaign=news', 'https://i.playground.ru/e/bKDxhXRPzBcZlxhptw5dJA.png', 'Clair Obscur: Expedition 33 продолжает укреплять свои позиции как один из величайших феноменов нынешнего поколения. Помимо доминирования в дискуссиях внутри сообщества и среди критиков, эта ролевая игра от Sandfall Interactive одержала важные победы на церемониях...', NULL, NULL, '{"Clair Obscur","Us Part","Игра года","Expedition 33"}', 'pending', 'en', 75, 0, 'new', '2026-01-05 19:40:24', '2026-01-05 20:43:50.008777', 20);
INSERT INTO public.topics VALUES ('4dd3d4bb-ad92-4b82-8ac5-e9c0287c87ad', 'd76389bb-56f3-4556-9645-da2bbbb53793', 'LG анонсировала «беспроводной» OLED-телевизор с толщиной корпуса 9 мм', NULL, NULL, NULL, 'https://dtf.ru/hard/4682723-lg-besprovodnoj-oled-televizor-9-mm?from=rss', 'https://leonardo.osnova.io/45d28beb-0697-5d66-8579-cd9955c506a5/', 'Компания полноценно представит телевизор LG OLED evo W6 в ходе выставки CES, которая пройдёт с 6 по 9 января. Настенное крепление позволяет установить устройство вплотную к стене. В комплекте буде идти приставка Zero Connect Box для подключения кабелей, которую можно разместить на расстоянии до десяти метров от телевизора', 'Компания полноценно представит телевизор LG OLED evo W6 в ходе выставки CES, которая пройдёт с 6 по 9 января. Толщина корпуса — 9 мм. Настенное крепление позволяет установить устройство вплотную к стене. В комплекте буде идти приставка Zero Connect Box для подключения кабелей, которую можно разместить на расстоянии до десяти метров от телевизора. Но сам экран всё равно нужно подключить к розетке, уточняет Cnet. Устройство поддерживает технологию Hyper Radiant Color, которая позволила улучшить общую цветопередачу и передачу чёрного цвета, и Brightness Booster Ultra — по словам компании, она обеспечивает уровень яркости до 3,9 раза выше, чем «у обычных OLED-телевизоров». Также, как утверждает LG, телевизор получил сертификацию Reflection Free Premium от Intertek. Диагональ экрана — 77 или 83 дюйма, пишет Cnet. W6 будет поддерживать частоту обновления до 165 Гц и разрешение 4K. Цены и информацию о старте продаж компания не раскрыла. В The Verge напомнили , что LG представила первый Wallpaper TV в 2017 году. Толщина корпуса тогда составила 2,57 мм. #lg #новости', '{"summary": "Компания полноценно представит телевизор LG OLED evo W6 в ходе выставки CES, которая пройдёт с 6 по 9 января.  Толщина корпуса — 9 мм.  Настенное крепление позволяет установить устройство вплотную к стене", "keyFacts": ["Компания полноценно представит телевизор LG OLED evo W6 в ходе выставки CES, которая пройдёт с 6 по 9 января", "Настенное крепление позволяет установить устройство вплотную к стене", "В комплекте буде идти приставка Zero Connect Box для подключения кабелей, которую можно разместить на расстоянии до десяти метров от телевизора", "Но сам экран всё равно нужно подключить к розетке, уточняет Cnet"], "emotionalHooks": ["You won''t believe what happened next", "This is why everyone is talking about it"], "targetAudience": "general", "trendingAngles": [], "viralPotential": 50}', '{LG,OLED}', 'done', 'en', 83, 0, 'new', '2026-01-05 12:36:54', '2026-01-05 20:43:49.997054', 19);
INSERT INTO public.topics VALUES ('673b2d50-2ff4-4199-bb02-a043fd7dade3', 'd76389bb-56f3-4556-9645-da2bbbb53793', 'NVIDIA не анонсирует серию видеокарт RTX 50 Super на выставке CES 2026', NULL, NULL, NULL, 'https://dtf.ru/hard/4682972-nvidia-ne-predstavit-videokarty-rtx-50-super-na-ces-2026?from=rss', 'https://leonardo.osnova.io/76639211-704c-5af7-80ef-3510d5bb7437/', 'NVIDIA заявила , что на выставке CES 2026 не будет анонса новых видеокарт. В корпорации, судя по всему, подразумевали линейку RTX 50 Super, о которой в прошлом неоднократно упоминали СМИ. Презентация компании начнётся 6 января в 08:00 по московскому времени', 'NVIDIA заявила , что на выставке CES 2026 не будет анонса новых видеокарт. В корпорации, судя по всему, подразумевали линейку RTX 50 Super, о которой в прошлом неоднократно упоминали СМИ. Презентация компании начнётся 6 января в 08:00 по московскому времени. Прямую трансляцию посвятят «новейшим функциям, играм, приложениям и партнёрским продуктам». В издании VideoCardz заявили , что NVIDIA собирается представить улучшенную технологию масштабирования DLSS — 4.5. По данным журналистов, в эту версию войдёт второе поколение модели трансформера для всех видеокарт RTX и динамическая генерация кадров для серии RTX 50. Официальной информации о новой линейке Super нет и пока неясно, увидит ли она свет на фоне крисиза на рынке оперативной памяти в связи с ИИ-датацентрами. vc.ru Железо 29.12.2025 NVIDIA приобрела долю в Intel на пять миллиардов долларов Сделку анонсировали в сентябре 2025 года.', '{"summary": "NVIDIA заявила , что на выставке CES 2026 не будет анонса новых видеокарт.  В корпорации, судя по всему, подразумевали линейку RTX 50 Super, о которой в прошлом неоднократно упоминали СМИ.  Презентация компании начнётся 6 января в 08:00 по московскому времени", "keyFacts": ["NVIDIA заявила , что на выставке CES 2026 не будет анонса новых видеокарт", "В корпорации, судя по всему, подразумевали линейку RTX 50 Super, о которой в прошлом неоднократно упоминали СМИ", "Презентация компании начнётся 6 января в 08:00 по московскому времени", "Прямую трансляцию посвятят «новейшим функциям, играм, приложениям и партнёрским продуктам»", "В издании VideoCardz заявили , что NVIDIA собирается представить улучшенную технологию масштабирования DLSS — 4"], "emotionalHooks": ["You won''t believe what happened next", "This is why everyone is talking about it"], "targetAudience": "general", "trendingAngles": [], "viralPotential": 50}', '{NVIDIA,"RTX 50","CES 2026"}', 'done', 'en', 88, 0, 'new', '2026-01-05 14:43:11', '2026-01-05 20:43:49.967348', 16);
INSERT INTO public.topics VALUES ('1db9f787-62f7-4598-ae6b-8c3116260e8e', 'd76389bb-56f3-4556-9645-da2bbbb53793', 'Hades II вошла в тройку самых высокооценённых игр 2025-го для Nintendo Switch, Absolum попала в топ-10', NULL, NULL, NULL, 'https://dtf.ru/games/4682377-hades-ii-i-absolum-v-tope-igr-2025-goda-dlya-nintendo-switch?from=rss', 'https://leonardo.osnova.io/469032ab-8d8d-57a0-91aa-c99a24abc866/', 'Metacritic представил рейтинг из 20 самых высокооценённых тайтлов, которые вышли на Nintendo Switch и Switch 2 в 2025 году. В топ по традиции попали игры c минимум семью обзорами от профильных зарубежных сайтов. Первое место заняло переиздание The Legend of Zelda: Tears of the Kingdom для новой консоли, получившее 95 баллов из 100', 'Metacritic представил рейтинг из 20 самых высокооценённых тайтлов, которые вышли на Nintendo Switch и Switch 2 в 2025 году. В топ по традиции попали игры c минимум семью обзорами от профильных зарубежных сайтов.

Первое место заняло переиздание The Legend of Zelda: Tears of the Kingdom для новой консоли, получившее 95 баллов из 100. Вторую позицию взяла Hades II, а тройку лидеров замкнула улучшенная версия BotW. Hollow Knight: Silksong и Donkey Kong Bananza заняли четвёртую и пятую строчки соответственно.

На шестой позиции — Trails in the Sky 1st Chapter с 90 баллами. Далее идут «роглайт»-битемап Absolum, инди-хит BALL x PIT о метании рикошетящих шаров, Split Fiction от создателей It Takes Two и адвенчура Pipistrello and the Cursed Yoyo.

В общем рейтинге в том числе можно увидеть Ninja Gaiden: Ragebound, Mario Kart World, сборник ремастеров Heretic и Hexen и Deltarune. Ни одна из игр в списке не получила меньше 85 баллов из 100.

В отдельной заметке — топы высокооценённых игр 2025-го на Metacritic для консолей PlayStation и Xbox.

bewareofgod Игры 30.12.2025 Самые высокооценённые игры 2025 года для консолей PlayStation и Xbox: Expedition 33 и Split Fiction стали лидерами, а Silksong попала в топ-3 Агрегатор продолжает подводить итоги.', '{"summary": "Metacritic представил рейтинг из 20 самых высокооценённых тайтлов, которые вышли на Nintendo Switch и Switch 2 в 2025 году.  В топ по традиции попали игры c минимум семью обзорами от профильных зарубежных сайтов. \n\nПервое место заняло переиздание The Legend of Zelda: Tears of the Kingdom для новой консоли, получившее 95 баллов из 100", "keyFacts": ["Metacritic представил рейтинг из 20 самых высокооценённых тайтлов, которые вышли на Nintendo Switch и Switch 2 в 2025 году", "В топ по традиции попали игры c минимум семью обзорами от профильных зарубежных сайтов", "Первое место заняло переиздание The Legend of Zelda: Tears of the Kingdom для новой консоли, получившее 95 баллов из 100", "Вторую позицию взяла Hades II, а тройку лидеров замкнула улучшенная версия BotW", "Hollow Knight: Silksong и Donkey Kong Bananza заняли четвёртую и пятую строчки соответственно"], "emotionalHooks": ["You won''t believe what happened next", "This is why everyone is talking about it"], "targetAudience": "general", "trendingAngles": [], "viralPotential": 50}', '{"Nintendo Switch",II}', 'done', 'en', 81, 0, 'new', '2026-01-05 11:20:12', '2026-01-05 20:43:49.98556', 18);
INSERT INTO public.topics VALUES ('6b0b9eb2-fab9-4ceb-9386-cd1f65b9901c', 'c15035cd-5d64-4e3e-99e1-9e3fb75d1bb3', 'Глава Gearbox Рэнди Питчфорд о Винсе Зампелле: "Он умел радоваться и заражать этим других"', NULL, NULL, NULL, 'https://www.playground.ru/borderlands_4/news/glava_gearbox_rendi_pitchford_o_vinse_zampelle_on_umel_radovatsya_i_zarazhat_etim_drugih-1814694#utm_source=rss&amp;utm_medium=referral&amp;utm_campaign=news', 'https://i.playground.ru/e/gIKB3tOgyfMzDXWZDZpL1g.png', 'Глава Gearbox Software Рэнди Питчфорд опубликовал личное воспоминание о Винсе Зампелле - легендарном разработчике и одном из ключевых архитекторов современных шутеров от первого лица. По словам Питчфорда, Зампелла обладал редким качеством: он умел превращать даже...', NULL, NULL, '{"Глава Gearbox Рэнди Питчфорд","Винсе Зампелле","Он умел радоваться"}', 'pending', 'en', 75, 0, 'new', '2026-01-05 16:41:37', '2026-01-05 21:49:52.885957', 21);
INSERT INTO public.topics VALUES ('3878d5e8-8daa-43c4-907b-e14f465a04b7', 'c15035cd-5d64-4e3e-99e1-9e3fb75d1bb3', 'Новые процессоры Qualcomm Snapdragon X2 Plus составляют серьёзную конкуренцию AMD Strix Point и Intel Lunar Lake', NULL, NULL, NULL, 'https://www.playground.ru/misc/news/novye_protsessory_qualcomm_snapdragon_x2_plus_sostavlyayut_seryoznuyu_konkurentsiyu_amd_strix_point_i_intel_lunar_lake-1814714#utm_source=rss&amp;utm_medium=referral&amp;utm_campaign=news', 'https://i.playground.ru/e/1KpnhyiABQqmJ6WgwNrXiQ.png', 'Компания Qualcomm официально представила на CES 2026 платформу Snapdragon X2 Plus, которая расширяет линейку чипов для Windows-ПК и ориентирована на массовый сегмент. Эта новинка предлагает идеальный баланс между мощностью и энергоэффективностью.', NULL, NULL, '{"Qualcomm Snapdragon","Intel Lunar Lake","Strix Point",AMD}', 'pending', 'en', 95, 0, 'new', '2026-01-05 18:05:11', '2026-01-05 21:49:52.902567', 22);
INSERT INTO public.topics VALUES ('7e9c65fb-26b0-4adc-995a-fe44f4636575', 'c15035cd-5d64-4e3e-99e1-9e3fb75d1bb3', 'TCL представила флагманские телевизоры Q10M Pro и Q10M с технологией SQD-Mini LED и высокой яркостью', NULL, NULL, NULL, 'https://www.playground.ru/misc/news/tcl_predstavila_flagmanskie_televizory_q10m_pro_i_q10m_s_tehnologiej_sqd_mini_led_i_vysokoj_yarkostyu-1814701#utm_source=rss&amp;utm_medium=referral&amp;utm_campaign=news', 'https://i.playground.ru/e/7d_rCp7zB4XuGjxKM2hKvA.png', 'Компания TCL провела презентацию новой линейки телевизоров 2026 года, в рамках которой были анонсированы модели Q10M Pro и Q10M. Главной особенностью новинок стало использование флагманской технологии SQD-Mini LED. Производитель заявляет, что эти устройства призваны сделать...', NULL, NULL, '{TCL,SQD,LED}', 'pending', 'en', 87, 0, 'new', '2026-01-05 17:07:31', '2026-01-05 21:49:52.910717', 23);
INSERT INTO public.topics VALUES ('587cea36-444d-4874-8dc5-03cc56199f5c', 'd76389bb-56f3-4556-9645-da2bbbb53793', 'Resident Evil Requiem добавили в список желаемого более четырёх миллионов раз', NULL, NULL, NULL, 'https://dtf.ru/games/4662418-resident-evil-requiem-bolee-4-milliona?from=rss', 'https://leonardo.osnova.io/9f9f27e5-47a1-56ae-9141-50dac7f24986/', 'Resident Evil Requiem достигла четырёх миллионов добавлений в список желаемого. Об этом разработчики из студии Capcom рассказали в своих социальных сетях, также поблагодарив фанатов. В учёт взяли все платформы, на которых выйдет игра: ПК (Steam), PS5, Xbox Series X|S и Nintendo Switch 2', 'Resident Evil Requiem достигла четырёх миллионов добавлений в список желаемого. Об этом разработчики из студии Capcom рассказали в своих социальных сетях, также поблагодарив фанатов. В учёт взяли все платформы, на которых выйдет игра: ПК (Steam), PS5, Xbox Series X|S и Nintendo Switch 2. Ранее авторы хоррора несколько раз отчитывались о количестве вишлистов. Уже скоро Capcom проведёт прямую трансляцию, в ходе которой поделится деталями о Resident Evil Requiem. Релиз же состоится менее чем через два месяца — 27 февраля. Ранее разработчики китайской экшен-RPG Phantom Blade Zero тоже поделились информацией о количестве добавлений в список желаемого — свыше миллиона раз в течение 15 дней. bewareofgod Игры 29.12.2025 Phantom Blade Zero достигла миллиона добавлений в список желаемого на ПК и PS5 за 15 дней Китайские разработчики пообещали регулярно делиться деталями амбициозного экшена вплоть до релиза в сентябре 2026 года.', '{"summary": "Resident Evil Requiem достигла четырёх миллионов добавлений в список желаемого.  Об этом разработчики из студии Capcom рассказали в своих социальных сетях, также поблагодарив фанатов.  В учёт взяли все платформы, на которых выйдет игра: ПК (Steam), PS5, Xbox Series X|S и Nintendo Switch 2", "keyFacts": ["Resident Evil Requiem достигла четырёх миллионов добавлений в список желаемого", "Об этом разработчики из студии Capcom рассказали в своих социальных сетях, также поблагодарив фанатов", "В учёт взяли все платформы, на которых выйдет игра: ПК (Steam), PS5, Xbox Series X|S и Nintendo Switch 2", "Ранее авторы хоррора несколько раз отчитывались о количестве вишлистов", "Уже скоро Capcom проведёт прямую трансляцию, в ходе которой поделится деталями о Resident Evil Requiem"], "emotionalHooks": ["You won''t believe what happened next", "This is why everyone is talking about it"], "targetAudience": "general", "trendingAngles": [], "viralPotential": 50}', '{"Resident Evil Requiem"}', 'done', 'en', 93, 0, 'new', '2026-01-04 13:45:47', '2026-01-05 21:53:34.023408', 28);
INSERT INTO public.topics VALUES ('d8a10e69-6bef-4303-b5c8-60fca7ab5107', 'd76389bb-56f3-4556-9645-da2bbbb53793', '«Простоквашино» и «Буратино» собрали по миллиарду рублей в прокате, а сборы сиквела «Чебурашки» превысили два миллиарда', NULL, NULL, NULL, 'https://dtf.ru/cinema/4659315-prostokvashino-i-buratino-sobrali-milliard-cheburashka-dva-milliarda?from=rss', 'https://leonardo.osnova.io/41ac34b2-b0a1-5487-916d-3b1b1fb17cae/', '1 января 2026-го в российских кинотеатрах вышло сразу три крупных фильма, основанных на известных отечественных франшизах. Спустя несколько дней каждая их картин смогла добиться успеха в прокате. Так, кассовые сборы « Простоквашино » (режиссёр Сарик Андреасян) и « Буратино » (постановщик Игорь Волошин) уже превысили миллиард рублей', '1 января 2026-го в российских кинотеатрах вышло сразу три крупных фильма, основанных на известных отечественных франшизах. Спустя несколько дней каждая их картин смогла добиться успеха в прокате. Так, кассовые сборы « Простоквашино » (режиссёр Сарик Андреасян) и « Буратино » (постановщик Игорь Волошин) уже превысили миллиард рублей. В обе суммы также входят предпродажи билетов на ближайшие дни. Вторая часть « Чебурашки » от Дмитрия Дьяченко меж тем получила 2,3 миллиарда рублей. Чтобы заработать такую же сумму, предыдущей ленте потребовалось немного больше времени. Средние оценки всех трёх лент на «Кинопоиске» разнятся: 7,3 балла из 10, 6,8 балла и 5,5 балла . Меньше всего получило «Простоквашино». В СМИ также отметили , что все праздники в топ-10 российского проката удерживается драма «Отец, мать, сестра, брат» Джима Джармуша, которая выиграла главный приз Венецианского кинофестиваля 2025. У зарубежной ленты, однако, лишь 17 миллионов рублей. HumbleKnight Кино и сериалы 2 янв «Чебурашка 2» собрал более миллиарда рублей — на второй день проката И на сутки быстрее первой части.', '{"summary": "1 января 2026-го в российских кинотеатрах вышло сразу три крупных фильма, основанных на известных отечественных франшизах.  Спустя несколько дней каждая их картин смогла добиться успеха в прокате.  Так, кассовые сборы « Простоквашино » (режиссёр Сарик Андреасян) и « Буратино » (постановщик Игорь Волошин) уже превысили миллиард рублей", "keyFacts": ["1 января 2026-го в российских кинотеатрах вышло сразу три крупных фильма, основанных на известных отечественных франшизах", "Спустя несколько дней каждая их картин смогла добиться успеха в прокате", "Так, кассовые сборы « Простоквашино » (режиссёр Сарик Андреасян) и « Буратино » (постановщик Игорь Волошин) уже превысили миллиард рублей", "В обе суммы также входят предпродажи билетов на ближайшие дни", "Вторая часть « Чебурашки » от Дмитрия Дьяченко меж тем получила 2,3 миллиарда рублей"], "emotionalHooks": ["You won''t believe what happened next", "This is why everyone is talking about it"], "targetAudience": "general", "trendingAngles": [], "viralPotential": 50}', '{Простоквашино,Буратино,Чебурашки}', 'done', 'en', 80, 0, 'new', '2026-01-04 11:35:50', '2026-01-05 21:53:34.06185', 30);
INSERT INTO public.topics VALUES ('c22a45ec-f03a-4ec6-a735-69cd4804fe91', 'c15035cd-5d64-4e3e-99e1-9e3fb75d1bb3', 'Вышел дебютный трейлер фильма "Они убьют тебя"', NULL, NULL, NULL, 'https://www.playground.ru/misc/news/vyshel_debyutnyj_trejler_filma_oni_ubyut_tebya-1814720#utm_source=rss&amp;utm_medium=referral&amp;utm_campaign=news', 'https://i.playground.ru/e/NeEnqnq3EoBNvOuHs_lEKg.jpeg', 'Студии New Line Cinema и Nocturna представляют проект "ОНИ ТЕБЯ УБЬЮТ" (THEY WILL KILL YOU). Фильм являет собой кровавый и драйвовый гибрид хоррора, боевика и комедии, в котором молодой героине предстоит пережить ночь в "Верджиле...', NULL, NULL, '{"Они убьют тебя",Вышел}', 'pending', 'en', 81, 0, 'new', '2026-01-05 18:17:05', '2026-01-05 21:54:05.474892', 32);
INSERT INTO public.topics VALUES ('d64d5da1-b65a-4d5f-b5a5-50b8e9985773', 'd76389bb-56f3-4556-9645-da2bbbb53793', 'NVIDIA не анонсирует серию видеокарт RTX 50 Super на выставке CES 2026', NULL, NULL, NULL, 'https://dtf.ru/hard/4682972-nvidia-ne-predstavit-videokarty-rtx-50-super-na-ces-2026?from=rss', 'https://leonardo.osnova.io/76639211-704c-5af7-80ef-3510d5bb7437/', 'NVIDIA заявила , что на выставке CES 2026 не будет анонса новых видеокарт. В корпорации, судя по всему, подразумевали линейку RTX 50 Super, о которой в прошлом неоднократно упоминали СМИ. Презентация компании начнётся 6 января в 08:00 по московскому времени', 'NVIDIA заявила , что на выставке CES 2026 не будет анонса новых видеокарт. В корпорации, судя по всему, подразумевали линейку RTX 50 Super, о которой в прошлом неоднократно упоминали СМИ. Презентация компании начнётся 6 января в 08:00 по московскому времени. Прямую трансляцию посвятят «новейшим функциям, играм, приложениям и партнёрским продуктам». В издании VideoCardz заявили , что NVIDIA собирается представить улучшенную технологию масштабирования DLSS — 4.5. По данным журналистов, в эту версию войдёт второе поколение модели трансформера для всех видеокарт RTX и динамическая генерация кадров для серии RTX 50. Официальной информации о новой линейке Super нет и пока неясно, увидит ли она свет на фоне крисиза на рынке оперативной памяти в связи с ИИ-датацентрами. vc.ru Железо 29.12.2025 NVIDIA приобрела долю в Intel на пять миллиардов долларов Сделку анонсировали в сентябре 2025 года.', '{"summary": "NVIDIA заявила , что на выставке CES 2026 не будет анонса новых видеокарт.  В корпорации, судя по всему, подразумевали линейку RTX 50 Super, о которой в прошлом неоднократно упоминали СМИ.  Презентация компании начнётся 6 января в 08:00 по московскому времени", "keyFacts": ["NVIDIA заявила , что на выставке CES 2026 не будет анонса новых видеокарт", "В корпорации, судя по всему, подразумевали линейку RTX 50 Super, о которой в прошлом неоднократно упоминали СМИ", "Презентация компании начнётся 6 января в 08:00 по московскому времени", "Прямую трансляцию посвятят «новейшим функциям, играм, приложениям и партнёрским продуктам»", "В издании VideoCardz заявили , что NVIDIA собирается представить улучшенную технологию масштабирования DLSS — 4"], "emotionalHooks": ["You won''t believe what happened next", "This is why everyone is talking about it"], "targetAudience": "general", "trendingAngles": [], "viralPotential": 50}', '{NVIDIA,"RTX 50","CES 2026"}', 'done', 'en', 97, 0, 'new', '2026-01-05 14:43:11', '2026-01-05 21:54:05.504281', 34);
INSERT INTO public.topics VALUES ('37d8ab7e-0ff5-4356-9d7b-76e45402044e', 'd76389bb-56f3-4556-9645-da2bbbb53793', 'Триумф «Битвы за битвой», Шаламе — лучший актёр и премия у Рэй Сихорн: итоги Critics Choice Awards 2026', NULL, NULL, NULL, 'https://dtf.ru/cinema/4681150-itogi-critics-choice-awards-2026?from=rss', 'https://leonardo.osnova.io/e4b6f2c7-44e9-58e3-a4ec-93ba431f210d/', 'В ночь на 5 января прошло мероприятие Critics Choice Awards 2026, которое считается одним из основных в индустрии. Больше всего призов среди фильмов взяли «Франкенштейн» и «Грешники» — по четыре. Тем не менее три ключевых статуэтки забрала «Битва за битвой» — лента победила в категориях «Лучший фильм», «Лучшая режиссура» и «Лучший адаптированный сценарий»', 'В ночь на 5 января прошло мероприятие Critics Choice Awards 2026, которое считается одним из основных в индустрии. Больше всего призов среди фильмов взяли «Франкенштейн» и «Грешники» — по четыре. Тем не менее три ключевых статуэтки забрала «Битва за битвой» — лента победила в категориях «Лучший фильм», «Лучшая режиссура» и «Лучший адаптированный сценарий».

Тимоти Шаламе тем временем удостоился награды за актёрскую игру в «Марти Великолепном», а лучшей актрисой признали Джесси Бакли, снявшуюся в «Гамнете» Хлои Чжао.

«Переходный возраст» стал триумфатором среди шоу, получив четыре премии. «Больница Питт» и «Киностудия» тоже обзавелись несколькими призами. Рэй Сихорн забрала статуэтку за перфоманс в фантастической драме «Одна из многих» от автора «Во все тяжкие».

Лучшим мультсериалом жюри выбрало «Южный парк», а иностранным сериалом — «Игру в кальмара».

bewareofgod Кино и сериалы 08.02.2025 «Анора» — фильм года, Эдриан Броуди — лучший актёр и награда у «Носферату»: все победители премии Critics Choice Awards 2025 Триумфатором среди сериалов стал «Сёгун».', '{"summary": "В ночь на 5 января прошло мероприятие Critics Choice Awards 2026, которое считается одним из основных в индустрии.  Больше всего призов среди фильмов взяли «Франкенштейн» и «Грешники» — по четыре.  Тем не менее три ключевых статуэтки забрала «Битва за битвой» — лента победила в категориях «Лучший фильм», «Лучшая режиссура» и «Лучший адаптированный сценарий»", "keyFacts": ["В ночь на 5 января прошло мероприятие Critics Choice Awards 2026, которое считается одним из основных в индустрии", "Больше всего призов среди фильмов взяли «Франкенштейн» и «Грешники» — по четыре", "Тем не менее три ключевых статуэтки забрала «Битва за битвой» — лента победила в категориях «Лучший фильм», «Лучшая режиссура» и «Лучший адаптированный сценарий»", "Тимоти Шаламе тем временем удостоился награды за актёрскую игру в «Марти Великолепном», а лучшей актрисой признали Джесси Бакли, снявшуюся в «Гамнете» Хлои Чжао", "«Переходный возраст» стал триумфатором среди шоу, получив четыре премии"], "emotionalHooks": ["You won''t believe what happened next", "This is why everyone is talking about it"], "targetAudience": "general", "trendingAngles": [], "viralPotential": 50}', '{"Critics Choice Awards","Рэй Сихорн","Битвы за битвой"}', 'done', 'en', 96, 0, 'new', '2026-01-05 07:55:03', '2026-01-05 21:54:05.528067', 35);
INSERT INTO public.topics VALUES ('091e17e6-b3ec-45fa-84a3-b742dd4c2ca7', 'd76389bb-56f3-4556-9645-da2bbbb53793', 'Во что поиграть: главные релизы января 2026', NULL, NULL, NULL, 'https://dtf.ru/games/4634361-glavnye-releases-yanvarya-2026?from=rss', 'https://leonardo.osnova.io/67dc6611-19c4-5bbf-884e-3fd17593cc92/', 'Начинаем год с третьего «Мора», технофэнтези-шутера от выходцев из EA, сиквела Code Vein и многого другого.', NULL, NULL, '{}', 'pending', 'en', 95, 0, 'new', '2026-01-05 18:35:59', '2026-01-05 22:05:51.095617', 36);
INSERT INTO public.topics VALUES ('9e29c252-7190-44ea-94ed-861c2007c7b6', 'd76389bb-56f3-4556-9645-da2bbbb53793', '«Никому не верьте»: трейлер триллера «Лакомый кусок» с Мэттом Дэймоном и Беном Аффлеком', NULL, NULL, NULL, 'https://dtf.ru/cinema/4682808-trejler-lakomyj-kusok?from=rss', 'https://leonardo.osnova.io/94ba7a40-530f-5712-ae3c-e427eac17916/-/format/mp4/', 'Фильм от режиссёра «Дня курка» и «Команды „А“» выйдет 16 января.', NULL, NULL, '{"Мэттом Дэймоном","Беном Аффлеком","Никому не верьте","Лакомый кусок"}', 'pending', 'en', 80, 0, 'new', '2026-01-05 13:40:19', '2026-01-05 22:05:51.122278', 38);
INSERT INTO public.topics VALUES ('948f063a-3c6f-4712-93b8-beb9aa5d5a24', 'c15035cd-5d64-4e3e-99e1-9e3fb75d1bb3', 'Актриса "Властелин колец" и сериала "Остаться в живых" Эванжелин Лилли сообщила о серьёзных последствиях травмы мозга', NULL, NULL, NULL, 'https://www.playground.ru/misc/news/aktrisa_vlastelin_kolets_i_seriala_ostatsya_v_zhivyh_evanzhelin_lilli_soobschila_o_seryoznyh_posledstviyah_travmy_mozga-1814689#utm_source=rss&amp;utm_medium=referral&amp;utm_campaign=news', 'https://i.playground.ru/e/cMmti7bQdBxPq9-FCGHnHw.jpeg', 'Актриса Эванжелин Лилли и звезда "Хоббита", "Остаться в живых" и "Человек-муравей" от Marvel, сообщила, что у неё диагностировали повреждение мозга, полученное в результате падения в мае 2025 года. По её словам, результаты медицинских сканирований показали...', NULL, NULL, '{"Эванжелин Лилли","Властелин колец","Остаться в живых"}', 'pending', 'en', 82, 0, 'new', '2026-01-05 16:18:18', '2026-01-05 22:05:51.137719', 39);
INSERT INTO public.topics VALUES ('3e6faa63-9421-455f-b8df-20c57feb1442', 'd76389bb-56f3-4556-9645-da2bbbb53793', 'Триумф «Битвы за битвой», Шаламе — лучший актёр и премия у Рэй Сихорн: итоги Critics Choice Awards 2026', NULL, NULL, NULL, 'https://dtf.ru/cinema/4681150-itogi-critics-choice-awards-2026?from=rss', 'https://leonardo.osnova.io/e4b6f2c7-44e9-58e3-a4ec-93ba431f210d/', 'В ночь на 5 января прошло мероприятие Critics Choice Awards 2026, которое считается одним из основных в индустрии. Больше всего призов среди фильмов взяли «Франкенштейн» и «Грешники» — по четыре. Тем не менее три ключевых статуэтки забрала «Битва за битвой» — лента победила в категориях «Лучший фильм», «Лучшая режиссура» и «Лучший адаптированный сценарий»', 'В ночь на 5 января прошло мероприятие Critics Choice Awards 2026, которое считается одним из основных в индустрии. Больше всего призов среди фильмов взяли «Франкенштейн» и «Грешники» — по четыре. Тем не менее три ключевых статуэтки забрала «Битва за битвой» — лента победила в категориях «Лучший фильм», «Лучшая режиссура» и «Лучший адаптированный сценарий».

Тимоти Шаламе тем временем удостоился награды за актёрскую игру в «Марти Великолепном», а лучшей актрисой признали Джесси Бакли, снявшуюся в «Гамнете» Хлои Чжао.

«Переходный возраст» стал триумфатором среди шоу, получив четыре премии. «Больница Питт» и «Киностудия» тоже обзавелись несколькими призами. Рэй Сихорн забрала статуэтку за перфоманс в фантастической драме «Одна из многих» от автора «Во все тяжкие».

Лучшим мультсериалом жюри выбрало «Южный парк», а иностранным сериалом — «Игру в кальмара».

bewareofgod Кино и сериалы 08.02.2025 «Анора» — фильм года, Эдриан Броуди — лучший актёр и награда у «Носферату»: все победители премии Critics Choice Awards 2025 Триумфатором среди сериалов стал «Сёгун».', '{"summary": "В ночь на 5 января прошло мероприятие Critics Choice Awards 2026, которое считается одним из основных в индустрии.  Больше всего призов среди фильмов взяли «Франкенштейн» и «Грешники» — по четыре.  Тем не менее три ключевых статуэтки забрала «Битва за битвой» — лента победила в категориях «Лучший фильм», «Лучшая режиссура» и «Лучший адаптированный сценарий»", "keyFacts": ["В ночь на 5 января прошло мероприятие Critics Choice Awards 2026, которое считается одним из основных в индустрии", "Больше всего призов среди фильмов взяли «Франкенштейн» и «Грешники» — по четыре", "Тем не менее три ключевых статуэтки забрала «Битва за битвой» — лента победила в категориях «Лучший фильм», «Лучшая режиссура» и «Лучший адаптированный сценарий»", "Тимоти Шаламе тем временем удостоился награды за актёрскую игру в «Марти Великолепном», а лучшей актрисой признали Джесси Бакли, снявшуюся в «Гамнете» Хлои Чжао", "«Переходный возраст» стал триумфатором среди шоу, получив четыре премии"], "emotionalHooks": ["You won''t believe what happened next", "This is why everyone is talking about it"], "targetAudience": "general", "trendingAngles": [], "viralPotential": 50}', '{"Critics Choice Awards","Рэй Сихорн","Битвы за битвой"}', 'done', 'en', 97, 0, 'new', '2026-01-05 07:55:03', '2026-01-05 22:12:47.261289', 46);
INSERT INTO public.topics VALUES ('611ed88f-f0b7-4e8a-9fe1-6a4b2ef2a7e6', 'd76389bb-56f3-4556-9645-da2bbbb53793', 'Триумф «Битвы за битвой», Шаламе — лучший актёр и премия у Рэй Сихорн: итоги Critics Choice Awards 2026', NULL, NULL, NULL, 'https://dtf.ru/cinema/4681150-itogi-critics-choice-awards-2026?from=rss', 'https://leonardo.osnova.io/e4b6f2c7-44e9-58e3-a4ec-93ba431f210d/', 'В ночь на 5 января прошло мероприятие Critics Choice Awards 2026, которое считается одним из основных в индустрии. Больше всего призов среди фильмов взяли «Франкенштейн» и «Грешники» — по четыре. Тем не менее три ключевых статуэтки забрала «Битва за битвой» — лента победила в категориях «Лучший фильм», «Лучшая режиссура» и «Лучший адаптированный сценарий»', 'В ночь на 5 января прошло мероприятие Critics Choice Awards 2026, которое считается одним из основных в индустрии. Больше всего призов среди фильмов взяли «Франкенштейн» и «Грешники» — по четыре. Тем не менее три ключевых статуэтки забрала «Битва за битвой» — лента победила в категориях «Лучший фильм», «Лучшая режиссура» и «Лучший адаптированный сценарий».

Тимоти Шаламе тем временем удостоился награды за актёрскую игру в «Марти Великолепном», а лучшей актрисой признали Джесси Бакли, снявшуюся в «Гамнете» Хлои Чжао.

«Переходный возраст» стал триумфатором среди шоу, получив четыре премии. «Больница Питт» и «Киностудия» тоже обзавелись несколькими призами. Рэй Сихорн забрала статуэтку за перфоманс в фантастической драме «Одна из многих» от автора «Во все тяжкие».

Лучшим мультсериалом жюри выбрало «Южный парк», а иностранным сериалом — «Игру в кальмара».

bewareofgod Кино и сериалы 08.02.2025 «Анора» — фильм года, Эдриан Броуди — лучший актёр и награда у «Носферату»: все победители премии Critics Choice Awards 2025 Триумфатором среди сериалов стал «Сёгун».', '{"summary": "В ночь на 5 января прошло мероприятие Critics Choice Awards 2026, которое считается одним из основных в индустрии.  Больше всего призов среди фильмов взяли «Франкенштейн» и «Грешники» — по четыре.  Тем не менее три ключевых статуэтки забрала «Битва за битвой» — лента победила в категориях «Лучший фильм», «Лучшая режиссура» и «Лучший адаптированный сценарий»", "keyFacts": ["В ночь на 5 января прошло мероприятие Critics Choice Awards 2026, которое считается одним из основных в индустрии", "Больше всего призов среди фильмов взяли «Франкенштейн» и «Грешники» — по четыре", "Тем не менее три ключевых статуэтки забрала «Битва за битвой» — лента победила в категориях «Лучший фильм», «Лучшая режиссура» и «Лучший адаптированный сценарий»", "Тимоти Шаламе тем временем удостоился награды за актёрскую игру в «Марти Великолепном», а лучшей актрисой признали Джесси Бакли, снявшуюся в «Гамнете» Хлои Чжао", "«Переходный возраст» стал триумфатором среди шоу, получив четыре премии"], "emotionalHooks": ["You won''t believe what happened next", "This is why everyone is talking about it"], "targetAudience": "general", "trendingAngles": [], "viralPotential": 50}', '{"Critics Choice Awards","Рэй Сихорн","Битвы за битвой"}', 'done', 'en', 71, 0, 'new', '2026-01-05 07:55:03', '2026-01-05 22:05:51.10627', 37);
INSERT INTO public.topics VALUES ('07a31e63-a313-4ac8-9758-6f9b6016f294', 'd76389bb-56f3-4556-9645-da2bbbb53793', 'Hades II вошла в тройку самых высокооценённых игр 2025-го для Nintendo Switch, Absolum попала в топ-10', NULL, NULL, NULL, 'https://dtf.ru/games/4682377-hades-ii-i-absolum-v-tope-igr-2025-goda-dlya-nintendo-switch?from=rss', 'https://leonardo.osnova.io/469032ab-8d8d-57a0-91aa-c99a24abc866/', 'Metacritic представил рейтинг из 20 самых высокооценённых тайтлов, которые вышли на Nintendo Switch и Switch 2 в 2025 году. В топ по традиции попали игры c минимум семью обзорами от профильных зарубежных сайтов. Первое место заняло переиздание The Legend of Zelda: Tears of the Kingdom для новой консоли, получившее 95 баллов из 100', 'Metacritic представил рейтинг из 20 самых высокооценённых тайтлов, которые вышли на Nintendo Switch и Switch 2 в 2025 году. В топ по традиции попали игры c минимум семью обзорами от профильных зарубежных сайтов.

Первое место заняло переиздание The Legend of Zelda: Tears of the Kingdom для новой консоли, получившее 95 баллов из 100. Вторую позицию взяла Hades II, а тройку лидеров замкнула улучшенная версия BotW. Hollow Knight: Silksong и Donkey Kong Bananza заняли четвёртую и пятую строчки соответственно.

На шестой позиции — Trails in the Sky 1st Chapter с 90 баллами. Далее идут «роглайт»-битемап Absolum, инди-хит BALL x PIT о метании рикошетящих шаров, Split Fiction от создателей It Takes Two и адвенчура Pipistrello and the Cursed Yoyo.

В общем рейтинге в том числе можно увидеть Ninja Gaiden: Ragebound, Mario Kart World, сборник ремастеров Heretic и Hexen и Deltarune. Ни одна из игр в списке не получила меньше 85 баллов из 100.

В отдельной заметке — топы высокооценённых игр 2025-го на Metacritic для консолей PlayStation и Xbox.

bewareofgod Игры 30.12.2025 Самые высокооценённые игры 2025 года для консолей PlayStation и Xbox: Expedition 33 и Split Fiction стали лидерами, а Silksong попала в топ-3 Агрегатор продолжает подводить итоги.', '{"summary": "Metacritic представил рейтинг из 20 самых высокооценённых тайтлов, которые вышли на Nintendo Switch и Switch 2 в 2025 году.  В топ по традиции попали игры c минимум семью обзорами от профильных зарубежных сайтов. \n\nПервое место заняло переиздание The Legend of Zelda: Tears of the Kingdom для новой консоли, получившее 95 баллов из 100", "keyFacts": ["Metacritic представил рейтинг из 20 самых высокооценённых тайтлов, которые вышли на Nintendo Switch и Switch 2 в 2025 году", "В топ по традиции попали игры c минимум семью обзорами от профильных зарубежных сайтов", "Первое место заняло переиздание The Legend of Zelda: Tears of the Kingdom для новой консоли, получившее 95 баллов из 100", "Вторую позицию взяла Hades II, а тройку лидеров замкнула улучшенная версия BotW", "Hollow Knight: Silksong и Donkey Kong Bananza заняли четвёртую и пятую строчки соответственно"], "emotionalHooks": ["You won''t believe what happened next", "This is why everyone is talking about it"], "targetAudience": "general", "trendingAngles": [], "viralPotential": 50}', '{"Nintendo Switch",II}', 'done', 'en', 97, 0, 'new', '2026-01-05 11:20:12', '2026-01-05 22:05:51.151238', 40);
INSERT INTO public.topics VALUES ('c5232b5a-f802-41ef-9668-5f3916efc350', 'd76389bb-56f3-4556-9645-da2bbbb53793', 'Resident Evil Requiem добавили в список желаемого более четырёх миллионов раз', NULL, NULL, NULL, 'https://dtf.ru/games/4662418-resident-evil-requiem-bolee-4-milliona?from=rss', 'https://leonardo.osnova.io/9f9f27e5-47a1-56ae-9141-50dac7f24986/', 'Resident Evil Requiem достигла четырёх миллионов добавлений в список желаемого. Об этом разработчики из студии Capcom рассказали в своих социальных сетях, также поблагодарив фанатов. В учёт взяли все платформы, на которых выйдет игра: ПК (Steam), PS5, Xbox Series X|S и Nintendo Switch 2', 'Resident Evil Requiem достигла четырёх миллионов добавлений в список желаемого. Об этом разработчики из студии Capcom рассказали в своих социальных сетях, также поблагодарив фанатов. В учёт взяли все платформы, на которых выйдет игра: ПК (Steam), PS5, Xbox Series X|S и Nintendo Switch 2. Ранее авторы хоррора несколько раз отчитывались о количестве вишлистов. Уже скоро Capcom проведёт прямую трансляцию, в ходе которой поделится деталями о Resident Evil Requiem. Релиз же состоится менее чем через два месяца — 27 февраля. Ранее разработчики китайской экшен-RPG Phantom Blade Zero тоже поделились информацией о количестве добавлений в список желаемого — свыше миллиона раз в течение 15 дней. bewareofgod Игры 29.12.2025 Phantom Blade Zero достигла миллиона добавлений в список желаемого на ПК и PS5 за 15 дней Китайские разработчики пообещали регулярно делиться деталями амбициозного экшена вплоть до релиза в сентябре 2026 года.', '{"summary": "Resident Evil Requiem достигла четырёх миллионов добавлений в список желаемого.  Об этом разработчики из студии Capcom рассказали в своих социальных сетях, также поблагодарив фанатов.  В учёт взяли все платформы, на которых выйдет игра: ПК (Steam), PS5, Xbox Series X|S и Nintendo Switch 2", "keyFacts": ["Resident Evil Requiem достигла четырёх миллионов добавлений в список желаемого", "Об этом разработчики из студии Capcom рассказали в своих социальных сетях, также поблагодарив фанатов", "В учёт взяли все платформы, на которых выйдет игра: ПК (Steam), PS5, Xbox Series X|S и Nintendo Switch 2", "Ранее авторы хоррора несколько раз отчитывались о количестве вишлистов", "Уже скоро Capcom проведёт прямую трансляцию, в ходе которой поделится деталями о Resident Evil Requiem"], "emotionalHooks": ["You won''t believe what happened next", "This is why everyone is talking about it"], "targetAudience": "general", "trendingAngles": [], "viralPotential": 50}', '{"Resident Evil Requiem"}', 'done', 'en', 85, 0, 'new', '2026-01-04 13:45:47', '2026-01-05 22:11:46.666163', 42);
INSERT INTO public.topics VALUES ('e5dba543-25a5-4ccd-9434-5a8b9b9915a7', 'd76389bb-56f3-4556-9645-da2bbbb53793', 'Кассовые сборы «Аватара 3» превысили миллиард долларов — спустя 18 дней после начала проката', NULL, NULL, NULL, 'https://dtf.ru/cinema/4665767-kassovye-sbory-avata-3-prevysili-milliard-dollarov?from=rss', 'https://leonardo.osnova.io/5ac1d712-b8c1-5739-86e9-9f904b149b28/', 'Мировые сборы блокбастера «Аватар: Пламя и пепел» превысили миллиард долларов. Это произошло на 18 день проката (третий уикенд), который стартовал в ряде стран 17 декабря 2025 года. В Соединённых Штатах фильм добрал ещё 40 миллионов, на фоне чего попал на первую строчку бокс-офиса', 'Мировые сборы блокбастера «Аватар: Пламя и пепел» превысили миллиард долларов. Это произошло на 18 день проката (третий уикенд), который стартовал в ряде стран 17 декабря 2025 года. В Соединённых Штатах фильм добрал ещё 40 миллионов, на фоне чего попал на первую строчку бокс-офиса. Картина Джеймса Кэмерона добилась этого результата медленнее, чем первая и вторая части — на достижение подобной отметки им понадобилось 17 и 14 суток соответственно. Аналитики, однако, не уверены, удастся ли «Аватару 3» заработать два миллиарда долларов, как это было с предшественницами. От этого во многом будет зависеть судьба четвёртой и пятой лент в серии, которые запланированы на 2029 и 2031 год соответственно. «Зверополис 2» меж тем собрал ещё 19 миллионов долларов в США, расположившись на втором месте. Мировая касса анимационной комедии достигла 1,58 миллиарда долларов. Тройку лидеров замкнул триллер «Горничная», в котором снялись Сидни Суини и Аманда Сайфред, с 15,2 миллиона долларов, что всего на 1% меньше, чем в предыдущие выходные. В Северной Америке лента от постановщика Пола Фига заработала 133 миллиона при бюджете 35 миллионов. «Марти Великолепный» с Тимоти Шаламе заработал 12,5 миллиона долларов. В общей сложности драматическая комедия Джоша Сэфди получила 56 миллионов долларов — это касается лишь США и Канады, поскольку в других странах прокат начнётся 15 января. Пятёрку лидеров замкнула «Анаконда» с Джеком Блэком и Полом Раддом — десять миллионов долларов. Общая касса по миру составила 88 миллионов при бюджете 45 миллионов. danny Кино и сериалы 29.12.2025 Сборы триквела «Аватара» достигли 760 миллионов долларов всего за два уикенда Касса франшизы пересекла отметку в шесть миллиардов долларов.', '{"summary": "Мировые сборы блокбастера «Аватар: Пламя и пепел» превысили миллиард долларов.  Это произошло на 18 день проката (третий уикенд), который стартовал в ряде стран 17 декабря 2025 года.  В Соединённых Штатах фильм добрал ещё 40 миллионов, на фоне чего попал на первую строчку бокс-офиса", "keyFacts": ["Мировые сборы блокбастера «Аватар: Пламя и пепел» превысили миллиард долларов", "Это произошло на 18 день проката (третий уикенд), который стартовал в ряде стран 17 декабря 2025 года", "В Соединённых Штатах фильм добрал ещё 40 миллионов, на фоне чего попал на первую строчку бокс-офиса", "Картина Джеймса Кэмерона добилась этого результата медленнее, чем первая и вторая части — на достижение подобной отметки им понадобилось 17 и 14 суток соответственно", "Аналитики, однако, не уверены, удастся ли «Аватару 3» заработать два миллиарда долларов, как это было с предшественницами"], "emotionalHooks": ["You won''t believe what happened next", "This is why everyone is talking about it"], "targetAudience": "general", "trendingAngles": [], "viralPotential": 50}', '{Кассовые,Аватара}', 'done', 'en', 92, 0, 'new', '2026-01-04 17:00:06', '2026-01-05 22:11:46.730344', 45);
INSERT INTO public.topics VALUES ('c85e1613-7fff-4d08-ac82-cfca53c9b00a', 'd76389bb-56f3-4556-9645-da2bbbb53793', 'Hades II вошла в тройку самых высокооценённых игр 2025-го для Nintendo Switch, Absolum попала в топ-10', NULL, NULL, NULL, 'https://dtf.ru/games/4682377-hades-ii-i-absolum-v-tope-igr-2025-goda-dlya-nintendo-switch?from=rss', 'https://leonardo.osnova.io/469032ab-8d8d-57a0-91aa-c99a24abc866/', 'Metacritic представил рейтинг из 20 самых высокооценённых тайтлов, которые вышли на Nintendo Switch и Switch 2 в 2025 году. В топ по традиции попали игры c минимум семью обзорами от профильных зарубежных сайтов. Первое место заняло переиздание The Legend of Zelda: Tears of the Kingdom для новой консоли, получившее 95 баллов из 100', 'Metacritic представил рейтинг из 20 самых высокооценённых тайтлов, которые вышли на Nintendo Switch и Switch 2 в 2025 году. В топ по традиции попали игры c минимум семью обзорами от профильных зарубежных сайтов.

Первое место заняло переиздание The Legend of Zelda: Tears of the Kingdom для новой консоли, получившее 95 баллов из 100. Вторую позицию взяла Hades II, а тройку лидеров замкнула улучшенная версия BotW. Hollow Knight: Silksong и Donkey Kong Bananza заняли четвёртую и пятую строчки соответственно.

На шестой позиции — Trails in the Sky 1st Chapter с 90 баллами. Далее идут «роглайт»-битемап Absolum, инди-хит BALL x PIT о метании рикошетящих шаров, Split Fiction от создателей It Takes Two и адвенчура Pipistrello and the Cursed Yoyo.

В общем рейтинге в том числе можно увидеть Ninja Gaiden: Ragebound, Mario Kart World, сборник ремастеров Heretic и Hexen и Deltarune. Ни одна из игр в списке не получила меньше 85 баллов из 100.

В отдельной заметке — топы высокооценённых игр 2025-го на Metacritic для консолей PlayStation и Xbox.

bewareofgod Игры 30.12.2025 Самые высокооценённые игры 2025 года для консолей PlayStation и Xbox: Expedition 33 и Split Fiction стали лидерами, а Silksong попала в топ-3 Агрегатор продолжает подводить итоги.', '{"summary": "Metacritic представил рейтинг из 20 самых высокооценённых тайтлов, которые вышли на Nintendo Switch и Switch 2 в 2025 году.  В топ по традиции попали игры c минимум семью обзорами от профильных зарубежных сайтов. \n\nПервое место заняло переиздание The Legend of Zelda: Tears of the Kingdom для новой консоли, получившее 95 баллов из 100", "keyFacts": ["Metacritic представил рейтинг из 20 самых высокооценённых тайтлов, которые вышли на Nintendo Switch и Switch 2 в 2025 году", "В топ по традиции попали игры c минимум семью обзорами от профильных зарубежных сайтов", "Первое место заняло переиздание The Legend of Zelda: Tears of the Kingdom для новой консоли, получившее 95 баллов из 100", "Вторую позицию взяла Hades II, а тройку лидеров замкнула улучшенная версия BotW", "Hollow Knight: Silksong и Donkey Kong Bananza заняли четвёртую и пятую строчки соответственно"], "emotionalHooks": ["You won''t believe what happened next", "This is why everyone is talking about it"], "targetAudience": "general", "trendingAngles": [], "viralPotential": 50}', '{"Nintendo Switch",II}', 'done', 'en', 71, 0, 'new', '2026-01-05 11:20:12', '2026-01-05 22:11:46.640488', 41);
INSERT INTO public.topics VALUES ('813d2228-5f76-4e68-bb3c-0068acde8cba', 'd76389bb-56f3-4556-9645-da2bbbb53793', '«Простоквашино» и «Буратино» собрали по миллиарду рублей в прокате, а сборы сиквела «Чебурашки» превысили два миллиарда', NULL, NULL, NULL, 'https://dtf.ru/cinema/4659315-prostokvashino-i-buratino-sobrali-milliard-cheburashka-dva-milliarda?from=rss', 'https://leonardo.osnova.io/41ac34b2-b0a1-5487-916d-3b1b1fb17cae/', '1 января 2026-го в российских кинотеатрах вышло сразу три крупных фильма, основанных на известных отечественных франшизах. Спустя несколько дней каждая их картин смогла добиться успеха в прокате. Так, кассовые сборы « Простоквашино » (режиссёр Сарик Андреасян) и « Буратино » (постановщик Игорь Волошин) уже превысили миллиард рублей', '1 января 2026-го в российских кинотеатрах вышло сразу три крупных фильма, основанных на известных отечественных франшизах. Спустя несколько дней каждая их картин смогла добиться успеха в прокате. Так, кассовые сборы « Простоквашино » (режиссёр Сарик Андреасян) и « Буратино » (постановщик Игорь Волошин) уже превысили миллиард рублей. В обе суммы также входят предпродажи билетов на ближайшие дни. Вторая часть « Чебурашки » от Дмитрия Дьяченко меж тем получила 2,3 миллиарда рублей. Чтобы заработать такую же сумму, предыдущей ленте потребовалось немного больше времени. Средние оценки всех трёх лент на «Кинопоиске» разнятся: 7,3 балла из 10, 6,8 балла и 5,5 балла . Меньше всего получило «Простоквашино». В СМИ также отметили , что все праздники в топ-10 российского проката удерживается драма «Отец, мать, сестра, брат» Джима Джармуша, которая выиграла главный приз Венецианского кинофестиваля 2025. У зарубежной ленты, однако, лишь 17 миллионов рублей. HumbleKnight Кино и сериалы 2 янв «Чебурашка 2» собрал более миллиарда рублей — на второй день проката И на сутки быстрее первой части.', '{"summary": "1 января 2026-го в российских кинотеатрах вышло сразу три крупных фильма, основанных на известных отечественных франшизах.  Спустя несколько дней каждая их картин смогла добиться успеха в прокате.  Так, кассовые сборы « Простоквашино » (режиссёр Сарик Андреасян) и « Буратино » (постановщик Игорь Волошин) уже превысили миллиард рублей", "keyFacts": ["1 января 2026-го в российских кинотеатрах вышло сразу три крупных фильма, основанных на известных отечественных франшизах", "Спустя несколько дней каждая их картин смогла добиться успеха в прокате", "Так, кассовые сборы « Простоквашино » (режиссёр Сарик Андреасян) и « Буратино » (постановщик Игорь Волошин) уже превысили миллиард рублей", "В обе суммы также входят предпродажи билетов на ближайшие дни", "Вторая часть « Чебурашки » от Дмитрия Дьяченко меж тем получила 2,3 миллиарда рублей"], "emotionalHooks": ["You won''t believe what happened next", "This is why everyone is talking about it"], "targetAudience": "general", "trendingAngles": [], "viralPotential": 50}', '{Простоквашино,Буратино,Чебурашки}', 'done', 'en', 91, 0, 'new', '2026-01-04 11:35:50', '2026-01-05 22:11:46.683628', 43);
INSERT INTO public.topics VALUES ('7a61cbc7-dd98-472f-b32a-06e401fa467e', 'd76389bb-56f3-4556-9645-da2bbbb53793', 'LG анонсировала «беспроводной» OLED-телевизор с толщиной корпуса 9 мм', NULL, NULL, NULL, 'https://dtf.ru/hard/4682723-lg-besprovodnoj-oled-televizor-9-mm?from=rss', 'https://leonardo.osnova.io/45d28beb-0697-5d66-8579-cd9955c506a5/', 'Компания полноценно представит телевизор LG OLED evo W6 в ходе выставки CES, которая пройдёт с 6 по 9 января. Настенное крепление позволяет установить устройство вплотную к стене. В комплекте буде идти приставка Zero Connect Box для подключения кабелей, которую можно разместить на расстоянии до десяти метров от телевизора', 'Компания полноценно представит телевизор LG OLED evo W6 в ходе выставки CES, которая пройдёт с 6 по 9 января. Толщина корпуса — 9 мм. Настенное крепление позволяет установить устройство вплотную к стене. В комплекте буде идти приставка Zero Connect Box для подключения кабелей, которую можно разместить на расстоянии до десяти метров от телевизора. Но сам экран всё равно нужно подключить к розетке, уточняет Cnet. Устройство поддерживает технологию Hyper Radiant Color, которая позволила улучшить общую цветопередачу и передачу чёрного цвета, и Brightness Booster Ultra — по словам компании, она обеспечивает уровень яркости до 3,9 раза выше, чем «у обычных OLED-телевизоров». Также, как утверждает LG, телевизор получил сертификацию Reflection Free Premium от Intertek. Диагональ экрана — 77 или 83 дюйма, пишет Cnet. W6 будет поддерживать частоту обновления до 165 Гц и разрешение 4K. Цены и информацию о старте продаж компания не раскрыла. В The Verge напомнили , что LG представила первый Wallpaper TV в 2017 году. Толщина корпуса тогда составила 2,57 мм. #lg #новости', '{"summary": "Компания полноценно представит телевизор LG OLED evo W6 в ходе выставки CES, которая пройдёт с 6 по 9 января.  Толщина корпуса — 9 мм.  Настенное крепление позволяет установить устройство вплотную к стене", "keyFacts": ["Компания полноценно представит телевизор LG OLED evo W6 в ходе выставки CES, которая пройдёт с 6 по 9 января", "Настенное крепление позволяет установить устройство вплотную к стене", "В комплекте буде идти приставка Zero Connect Box для подключения кабелей, которую можно разместить на расстоянии до десяти метров от телевизора", "Но сам экран всё равно нужно подключить к розетке, уточняет Cnet"], "emotionalHooks": ["You won''t believe what happened next", "This is why everyone is talking about it"], "targetAudience": "general", "trendingAngles": [], "viralPotential": 50}', '{LG,OLED}', 'done', 'en', 71, 0, 'new', '2026-01-05 12:36:54', '2026-01-05 22:11:46.692246', 44);
INSERT INTO public.topics VALUES ('cb80bb4d-e299-4d45-8e58-2192897f0878', 'd76389bb-56f3-4556-9645-da2bbbb53793', 'Кассовые сборы «Аватара 3» превысили миллиард долларов — спустя 18 дней после начала проката', NULL, NULL, NULL, 'https://dtf.ru/cinema/4665767-kassovye-sbory-avata-3-prevysili-milliard-dollarov?from=rss', 'https://leonardo.osnova.io/5ac1d712-b8c1-5739-86e9-9f904b149b28/', 'Мировые сборы блокбастера «Аватар: Пламя и пепел» превысили миллиард долларов. Это произошло на 18 день проката (третий уикенд), который стартовал в ряде стран 17 декабря 2025 года. В Соединённых Штатах фильм добрал ещё 40 миллионов, на фоне чего попал на первую строчку бокс-офиса', 'Мировые сборы блокбастера «Аватар: Пламя и пепел» превысили миллиард долларов. Это произошло на 18 день проката (третий уикенд), который стартовал в ряде стран 17 декабря 2025 года. В Соединённых Штатах фильм добрал ещё 40 миллионов, на фоне чего попал на первую строчку бокс-офиса. Картина Джеймса Кэмерона добилась этого результата медленнее, чем первая и вторая части — на достижение подобной отметки им понадобилось 17 и 14 суток соответственно. Аналитики, однако, не уверены, удастся ли «Аватару 3» заработать два миллиарда долларов, как это было с предшественницами. От этого во многом будет зависеть судьба четвёртой и пятой лент в серии, которые запланированы на 2029 и 2031 год соответственно. «Зверополис 2» меж тем собрал ещё 19 миллионов долларов в США, расположившись на втором месте. Мировая касса анимационной комедии достигла 1,58 миллиарда долларов. Тройку лидеров замкнул триллер «Горничная», в котором снялись Сидни Суини и Аманда Сайфред, с 15,2 миллиона долларов, что всего на 1% меньше, чем в предыдущие выходные. В Северной Америке лента от постановщика Пола Фига заработала 133 миллиона при бюджете 35 миллионов. «Марти Великолепный» с Тимоти Шаламе заработал 12,5 миллиона долларов. В общей сложности драматическая комедия Джоша Сэфди получила 56 миллионов долларов — это касается лишь США и Канады, поскольку в других странах прокат начнётся 15 января. Пятёрку лидеров замкнула «Анаконда» с Джеком Блэком и Полом Раддом — десять миллионов долларов. Общая касса по миру составила 88 миллионов при бюджете 45 миллионов. danny Кино и сериалы 29.12.2025 Сборы триквела «Аватара» достигли 760 миллионов долларов всего за два уикенда Касса франшизы пересекла отметку в шесть миллиардов долларов.', '{"summary": "Мировые сборы блокбастера «Аватар: Пламя и пепел» превысили миллиард долларов.  Это произошло на 18 день проката (третий уикенд), который стартовал в ряде стран 17 декабря 2025 года.  В Соединённых Штатах фильм добрал ещё 40 миллионов, на фоне чего попал на первую строчку бокс-офиса", "keyFacts": ["Мировые сборы блокбастера «Аватар: Пламя и пепел» превысили миллиард долларов", "Это произошло на 18 день проката (третий уикенд), который стартовал в ряде стран 17 декабря 2025 года", "В Соединённых Штатах фильм добрал ещё 40 миллионов, на фоне чего попал на первую строчку бокс-офиса", "Картина Джеймса Кэмерона добилась этого результата медленнее, чем первая и вторая части — на достижение подобной отметки им понадобилось 17 и 14 суток соответственно", "Аналитики, однако, не уверены, удастся ли «Аватару 3» заработать два миллиарда долларов, как это было с предшественницами"], "emotionalHooks": ["You won''t believe what happened next", "This is why everyone is talking about it"], "targetAudience": "general", "trendingAngles": [], "viralPotential": 50}', '{Кассовые,Аватара}', 'done', 'en', 80, 0, 'new', '2026-01-04 17:00:06', '2026-01-05 22:12:47.313796', 49);
INSERT INTO public.topics VALUES ('bfb72f16-8045-49cc-89a3-2d84e56fb15f', 'd76389bb-56f3-4556-9645-da2bbbb53793', '«Простоквашино» и «Буратино» собрали по миллиарду рублей в прокате, а сборы сиквела «Чебурашки» превысили два миллиарда', NULL, NULL, NULL, 'https://dtf.ru/cinema/4659315-prostokvashino-i-buratino-sobrali-milliard-cheburashka-dva-milliarda?from=rss', 'https://leonardo.osnova.io/41ac34b2-b0a1-5487-916d-3b1b1fb17cae/', '1 января 2026-го в российских кинотеатрах вышло сразу три крупных фильма, основанных на известных отечественных франшизах. Спустя несколько дней каждая их картин смогла добиться успеха в прокате. Так, кассовые сборы « Простоквашино » (режиссёр Сарик Андреасян) и « Буратино » (постановщик Игорь Волошин) уже превысили миллиард рублей', '1 января 2026-го в российских кинотеатрах вышло сразу три крупных фильма, основанных на известных отечественных франшизах. Спустя несколько дней каждая их картин смогла добиться успеха в прокате. Так, кассовые сборы « Простоквашино » (режиссёр Сарик Андреасян) и « Буратино » (постановщик Игорь Волошин) уже превысили миллиард рублей. В обе суммы также входят предпродажи билетов на ближайшие дни. Вторая часть « Чебурашки » от Дмитрия Дьяченко меж тем получила 2,3 миллиарда рублей. Чтобы заработать такую же сумму, предыдущей ленте потребовалось немного больше времени. Средние оценки всех трёх лент на «Кинопоиске» разнятся: 7,3 балла из 10, 6,8 балла и 5,5 балла . Меньше всего получило «Простоквашино». В СМИ также отметили , что все праздники в топ-10 российского проката удерживается драма «Отец, мать, сестра, брат» Джима Джармуша, которая выиграла главный приз Венецианского кинофестиваля 2025. У зарубежной ленты, однако, лишь 17 миллионов рублей. HumbleKnight Кино и сериалы 2 янв «Чебурашка 2» собрал более миллиарда рублей — на второй день проката И на сутки быстрее первой части.', '{"summary": "1 января 2026-го в российских кинотеатрах вышло сразу три крупных фильма, основанных на известных отечественных франшизах.  Спустя несколько дней каждая их картин смогла добиться успеха в прокате.  Так, кассовые сборы « Простоквашино » (режиссёр Сарик Андреасян) и « Буратино » (постановщик Игорь Волошин) уже превысили миллиард рублей", "keyFacts": ["1 января 2026-го в российских кинотеатрах вышло сразу три крупных фильма, основанных на известных отечественных франшизах", "Спустя несколько дней каждая их картин смогла добиться успеха в прокате", "Так, кассовые сборы « Простоквашино » (режиссёр Сарик Андреасян) и « Буратино » (постановщик Игорь Волошин) уже превысили миллиард рублей", "В обе суммы также входят предпродажи билетов на ближайшие дни", "Вторая часть « Чебурашки » от Дмитрия Дьяченко меж тем получила 2,3 миллиарда рублей"], "emotionalHooks": ["You won''t believe what happened next", "This is why everyone is talking about it"], "targetAudience": "general", "trendingAngles": [], "viralPotential": 50}', '{Простоквашино,Буратино,Чебурашки}', 'done', 'en', 73, 0, 'new', '2026-01-04 11:35:50', '2026-01-05 22:12:47.275396', 47);
INSERT INTO public.topics VALUES ('215b58e3-14ab-4930-88da-fe8460232ced', 'd76389bb-56f3-4556-9645-da2bbbb53793', 'Hades II вошла в тройку самых высокооценённых игр 2025-го для Nintendo Switch, Absolum попала в топ-10', NULL, NULL, NULL, 'https://dtf.ru/games/4682377-hades-ii-i-absolum-v-tope-igr-2025-goda-dlya-nintendo-switch?from=rss', 'https://leonardo.osnova.io/469032ab-8d8d-57a0-91aa-c99a24abc866/', 'Metacritic представил рейтинг из 20 самых высокооценённых тайтлов, которые вышли на Nintendo Switch и Switch 2 в 2025 году. В топ по традиции попали игры c минимум семью обзорами от профильных зарубежных сайтов. Первое место заняло переиздание The Legend of Zelda: Tears of the Kingdom для новой консоли, получившее 95 баллов из 100', 'Metacritic представил рейтинг из 20 самых высокооценённых тайтлов, которые вышли на Nintendo Switch и Switch 2 в 2025 году. В топ по традиции попали игры c минимум семью обзорами от профильных зарубежных сайтов.

Первое место заняло переиздание The Legend of Zelda: Tears of the Kingdom для новой консоли, получившее 95 баллов из 100. Вторую позицию взяла Hades II, а тройку лидеров замкнула улучшенная версия BotW. Hollow Knight: Silksong и Donkey Kong Bananza заняли четвёртую и пятую строчки соответственно.

На шестой позиции — Trails in the Sky 1st Chapter с 90 баллами. Далее идут «роглайт»-битемап Absolum, инди-хит BALL x PIT о метании рикошетящих шаров, Split Fiction от создателей It Takes Two и адвенчура Pipistrello and the Cursed Yoyo.

В общем рейтинге в том числе можно увидеть Ninja Gaiden: Ragebound, Mario Kart World, сборник ремастеров Heretic и Hexen и Deltarune. Ни одна из игр в списке не получила меньше 85 баллов из 100.

В отдельной заметке — топы высокооценённых игр 2025-го на Metacritic для консолей PlayStation и Xbox.

bewareofgod Игры 30.12.2025 Самые высокооценённые игры 2025 года для консолей PlayStation и Xbox: Expedition 33 и Split Fiction стали лидерами, а Silksong попала в топ-3 Агрегатор продолжает подводить итоги.', '{"summary": "Metacritic представил рейтинг из 20 самых высокооценённых тайтлов, которые вышли на Nintendo Switch и Switch 2 в 2025 году.  В топ по традиции попали игры c минимум семью обзорами от профильных зарубежных сайтов. \n\nПервое место заняло переиздание The Legend of Zelda: Tears of the Kingdom для новой консоли, получившее 95 баллов из 100", "keyFacts": ["Metacritic представил рейтинг из 20 самых высокооценённых тайтлов, которые вышли на Nintendo Switch и Switch 2 в 2025 году", "В топ по традиции попали игры c минимум семью обзорами от профильных зарубежных сайтов", "Первое место заняло переиздание The Legend of Zelda: Tears of the Kingdom для новой консоли, получившее 95 баллов из 100", "Вторую позицию взяла Hades II, а тройку лидеров замкнула улучшенная версия BotW", "Hollow Knight: Silksong и Donkey Kong Bananza заняли четвёртую и пятую строчки соответственно"], "emotionalHooks": ["You won''t believe what happened next", "This is why everyone is talking about it"], "targetAudience": "general", "trendingAngles": [], "viralPotential": 50}', '{"Nintendo Switch",II}', 'done', 'en', 88, 0, 'new', '2026-01-05 11:20:12', '2026-01-05 22:12:47.294328', 48);
INSERT INTO public.topics VALUES ('56f01706-86e4-4a29-aebd-1f05b90f23d8', 'd76389bb-56f3-4556-9645-da2bbbb53793', 'LG анонсировала «беспроводной» OLED-телевизор с толщиной корпуса 9 мм', NULL, NULL, NULL, 'https://dtf.ru/hard/4682723-lg-besprovodnoj-oled-televizor-9-mm?from=rss', 'https://leonardo.osnova.io/45d28beb-0697-5d66-8579-cd9955c506a5/', 'Компания полноценно представит телевизор LG OLED evo W6 в ходе выставки CES, которая пройдёт с 6 по 9 января. Настенное крепление позволяет установить устройство вплотную к стене. В комплекте буде идти приставка Zero Connect Box для подключения кабелей, которую можно разместить на расстоянии до десяти метров от телевизора', 'Компания полноценно представит телевизор LG OLED evo W6 в ходе выставки CES, которая пройдёт с 6 по 9 января. Толщина корпуса — 9 мм. Настенное крепление позволяет установить устройство вплотную к стене. В комплекте буде идти приставка Zero Connect Box для подключения кабелей, которую можно разместить на расстоянии до десяти метров от телевизора. Но сам экран всё равно нужно подключить к розетке, уточняет Cnet. Устройство поддерживает технологию Hyper Radiant Color, которая позволила улучшить общую цветопередачу и передачу чёрного цвета, и Brightness Booster Ultra — по словам компании, она обеспечивает уровень яркости до 3,9 раза выше, чем «у обычных OLED-телевизоров». Также, как утверждает LG, телевизор получил сертификацию Reflection Free Premium от Intertek. Диагональ экрана — 77 или 83 дюйма, пишет Cnet. W6 будет поддерживать частоту обновления до 165 Гц и разрешение 4K. Цены и информацию о старте продаж компания не раскрыла. В The Verge напомнили , что LG представила первый Wallpaper TV в 2017 году. Толщина корпуса тогда составила 2,57 мм. #lg #новости', '{"summary": "Компания полноценно представит телевизор LG OLED evo W6 в ходе выставки CES, которая пройдёт с 6 по 9 января.  Толщина корпуса — 9 мм.  Настенное крепление позволяет установить устройство вплотную к стене", "keyFacts": ["Компания полноценно представит телевизор LG OLED evo W6 в ходе выставки CES, которая пройдёт с 6 по 9 января", "Настенное крепление позволяет установить устройство вплотную к стене", "В комплекте буде идти приставка Zero Connect Box для подключения кабелей, которую можно разместить на расстоянии до десяти метров от телевизора", "Но сам экран всё равно нужно подключить к розетке, уточняет Cnet"], "emotionalHooks": ["You won''t believe what happened next", "This is why everyone is talking about it"], "targetAudience": "general", "trendingAngles": [], "viralPotential": 50}', '{LG,OLED}', 'done', 'en', 77, 0, 'new', '2026-01-05 12:36:54', '2026-01-05 22:12:47.330523', 50);


--
-- Data for Name: scripts; Type: TABLE DATA; Schema: public; Owner: postgres
--

INSERT INTO public.scripts VALUES ('81120d0e-e2ed-44f4-b38e-bfbf171bcd17', '1dea0ecc-4299-43db-b8b7-d7541c30f9a6', 1, 'Script #01', 'en', '30', 'cinematic', 'cinematic', 'classic', 'youtube_shorts', 'shorts', '[]', NULL, NULL, NULL, '[]', NULL, NULL, NULL, NULL, NULL, NULL, NULL, 'draft', NULL, '2026-01-05 11:54:23.69727', '2026-01-05 11:54:23.69727');
INSERT INTO public.scripts VALUES ('89a6cafc-4b5e-4416-a43e-1c2820270861', 'c7d60652-e2cd-4a84-9c2d-ccfa0f10a7de', 2, 'Script #02', 'en', '30', 'cinematic', 'cinematic', 'classic', 'youtube_shorts', 'horizontal', '[]', NULL, NULL, NULL, '[]', NULL, NULL, NULL, NULL, NULL, NULL, NULL, 'draft', NULL, '2026-01-05 12:01:19.107543', '2026-01-05 12:01:41.731');


--
-- Data for Name: sessions; Type: TABLE DATA; Schema: public; Owner: postgres
--



--
-- Data for Name: settings; Type: TABLE DATA; Schema: public; Owner: postgres
--

INSERT INTO public.settings VALUES ('defaultDuration', '30');
INSERT INTO public.settings VALUES ('defaultStylePreset', 'cinematic');
INSERT INTO public.settings VALUES ('nextScriptNumber', '3');
INSERT INTO public.settings VALUES ('apiProviderType', 'default');
INSERT INTO public.settings VALUES ('topic_ingestion_stats', '{"date":"2026-01-05","hour":22,"dailyCount":50,"hourlyCount":15,"lastFetchAt":1767651167336}');
INSERT INTO public.settings VALUES ('apiVerified', 'true');
INSERT INTO public.settings VALUES ('apiLastVerified', '2026-01-05T22:13:03.419Z');
INSERT INTO public.settings VALUES ('fallbackMode', 'false');


--
-- Data for Name: trend_signals; Type: TABLE DATA; Schema: public; Owner: postgres
--



--
-- Data for Name: trend_topics; Type: TABLE DATA; Schema: public; Owner: postgres
--



--
-- Name: assistant_chats_id_seq; Type: SEQUENCE SET; Schema: public; Owner: postgres
--

SELECT pg_catalog.setval('public.assistant_chats_id_seq', 9, true);


--
-- Name: assistant_feedback_id_seq; Type: SEQUENCE SET; Schema: public; Owner: postgres
--

SELECT pg_catalog.setval('public.assistant_feedback_id_seq', 1, true);


--
-- Name: assistant_notes_id_seq; Type: SEQUENCE SET; Schema: public; Owner: postgres
--

SELECT pg_catalog.setval('public.assistant_notes_id_seq', 3, true);


--
-- Name: scripts_script_number_seq; Type: SEQUENCE SET; Schema: public; Owner: postgres
--

SELECT pg_catalog.setval('public.scripts_script_number_seq', 2, true);


--
-- Name: topics_seq_seq; Type: SEQUENCE SET; Schema: public; Owner: postgres
--

SELECT pg_catalog.setval('public.topics_seq_seq', 50, true);


--
-- Name: users_personal_number_seq; Type: SEQUENCE SET; Schema: public; Owner: postgres
--

SELECT pg_catalog.setval('public.users_personal_number_seq', 2, true);


--
-- PostgreSQL database dump complete
--

\unrestrict mKr3b6TgfoyPUsznWOLL9jb5Me2PHNcbpexhGPIRbEHz9iwxMsq9yz7o6cBJYBn

